user_id,rec_5
1,[1082185 6534178  995242 1029743 1133018]
2,[1082185 6534178  995242 1029743 1133018]
3,[1082185 6534178  995242 1029743 1133018]
6,[1082185 6534178  995242 1029743 1133018]
7,[1082185 6534178  995242 1029743 1133018]
8,[1082185 6534178  995242 1029743 1133018]
9,[1082185 6534178  995242 1029743 1133018]
10,[1082185 6534178  995242 1029743 1133018]
13,[1082185 6534178  995242 1029743 1133018]
14,[1082185 6534178  995242 1029743 1133018]
15,[1082185 6534178  995242 1029743 1133018]
16,[1082185 6534178  995242 1029743 1133018]
18,[1082185 6534178  995242 1029743 1133018]
19,[1082185 6534178  995242 1029743 1133018]
20,[1082185 6534178  995242 1029743 1133018]
21,[1082185 6534178  995242 1029743 1133018]
22,[1082185 6534178  995242 1029743 1133018]
23,[1082185 6534178  995242 1029743 1133018]
24,[1082185 6534178  995242 1029743 1133018]
25,[1082185 6534178  995242 1029743 1133018]
26,[1082185 6534178  995242 1029743 1133018]
27,[1082185 6534178  995242 1029743 1133018]
28,[1082185 6534178  995242 1029743 1133018]
30,[1082185 6534178  995242 1029743 1133018]
31,[1082185 6534178  995242 1029743 1133018]
32,[1082185 6534178  995242 1029743 1133018]
33,[1082185 6534178  995242 1029743 1133018]
34,[1082185 6534178  995242 1029743 1133018]
35,[1082185 6534178  995242 1029743 1133018]
36,[1082185 6534178  995242 1029743 1133018]
37,[1082185 6534178  995242 1029743 1133018]
39,[1082185 6534178  995242 1029743 1133018]
40,[1082185 6534178  995242 1029743 1133018]
41,[1082185 6534178  995242 1029743 1133018]
42,[1082185 6534178  995242 1029743 1133018]
43,[1082185 6534178  995242 1029743 1133018]
46,[1082185 6534178  995242 1029743 1133018]
47,[1082185 6534178  995242 1029743 1133018]
49,[1082185 6534178  995242 1029743 1133018]
50,[1082185 6534178  995242 1029743 1133018]
51,[1082185 6534178  995242 1029743 1133018]
52,[1082185 6534178  995242 1029743 1133018]
53,[1082185 6534178  995242 1029743 1133018]
55,[1082185 6534178  995242 1029743 1133018]
56,[1082185 6534178  995242 1029743 1133018]
57,[1082185 6534178  995242 1029743 1133018]
58,[1082185 6534178  995242 1029743 1133018]
59,[1082185 6534178  995242 1029743 1133018]
63,[1082185 6534178  995242 1029743 1133018]
64,[1082185 6534178  995242 1029743 1133018]
65,[1082185 6534178  995242 1029743 1133018]
67,[1082185 6534178  995242 1029743 1133018]
68,[1082185 6534178  995242 1029743 1133018]
69,[1082185 6534178  995242 1029743 1133018]
70,[1082185 6534178  995242 1029743 1133018]
71,[1082185 6534178  995242 1029743 1133018]
72,[1082185 6534178  995242 1029743 1133018]
77,[1082185 6534178  995242 1029743 1133018]
78,[1082185 6534178  995242 1029743 1133018]
79,[1082185 6534178  995242 1029743 1133018]
80,[1082185 6534178  995242 1029743 1133018]
81,[1082185 6534178  995242 1029743 1133018]
82,[1082185 6534178  995242 1029743 1133018]
83,[1082185 6534178  995242 1029743 1133018]
84,[1082185 6534178  995242 1029743 1133018]
85,[1082185 6534178  995242 1029743 1133018]
86,[1082185 6534178  995242 1029743 1133018]
87,[1082185 6534178  995242 1029743 1133018]
88,[1082185 6534178  995242 1029743 1133018]
90,[1082185 6534178  995242 1029743 1133018]
91,[1082185 6534178  995242 1029743 1133018]
92,[1082185 6534178  995242 1029743 1133018]
94,[1082185 6534178  995242 1029743 1133018]
95,[1082185 6534178  995242 1029743 1133018]
97,[1082185 6534178  995242 1029743 1133018]
98,[1082185 6534178  995242 1029743 1133018]
99,[1082185 6534178  995242 1029743 1133018]
100,[1082185 6534178  995242 1029743 1133018]
101,[1082185 6534178  995242 1029743 1133018]
104,[1082185 6534178  995242 1029743 1133018]
105,[1082185 6534178  995242 1029743 1133018]
106,[1082185 6534178  995242 1029743 1133018]
107,[1082185 6534178  995242 1029743 1133018]
109,[1082185 6534178  995242 1029743 1133018]
110,[1082185 6534178  995242 1029743 1133018]
111,[1082185 6534178  995242 1029743 1133018]
112,[1082185 6534178  995242 1029743 1133018]
113,[1082185 6534178  995242 1029743 1133018]
114,[1082185 6534178  995242 1029743 1133018]
115,[1082185 6534178  995242 1029743 1133018]
116,[1082185 6534178  995242 1029743 1133018]
117,[1082185 6534178  995242 1029743 1133018]
118,[1082185 6534178  995242 1029743 1133018]
119,[1082185 6534178  995242 1029743 1133018]
121,[1082185 6534178  995242 1029743 1133018]
122,[1082185 6534178  995242 1029743 1133018]
123,[1082185 6534178  995242 1029743 1133018]
124,[1082185 6534178  995242 1029743 1133018]
125,[1082185 6534178  995242 1029743 1133018]
126,[1082185 6534178  995242 1029743 1133018]
127,[1082185 6534178  995242 1029743 1133018]
128,[1082185 6534178  995242 1029743 1133018]
131,[1082185 6534178  995242 1029743 1133018]
132,[1082185 6534178  995242 1029743 1133018]
133,[1082185 6534178  995242 1029743 1133018]
134,[1082185 6534178  995242 1029743 1133018]
135,[1082185 6534178  995242 1029743 1133018]
136,[1082185 6534178  995242 1029743 1133018]
138,[1082185 6534178  995242 1029743 1133018]
139,[1082185 6534178  995242 1029743 1133018]
140,[1082185 6534178  995242 1029743 1133018]
141,[1082185 6534178  995242 1029743 1133018]
142,[1082185 6534178  995242 1029743 1133018]
143,[1082185 6534178  995242 1029743 1133018]
146,[1082185 6534178  995242 1029743 1133018]
151,[1082185 6534178  995242 1029743 1133018]
153,[1082185 6534178  995242 1029743 1133018]
156,[1082185 6534178  995242 1029743 1133018]
157,[1082185 6534178  995242 1029743 1133018]
158,[1082185 6534178  995242 1029743 1133018]
159,[1082185 6534178  995242 1029743 1133018]
160,[1082185 6534178  995242 1029743 1133018]
161,[1082185 6534178  995242 1029743 1133018]
162,[1082185 6534178  995242 1029743 1133018]
164,[1082185 6534178  995242 1029743 1133018]
166,[1082185 6534178  995242 1029743 1133018]
167,[1082185 6534178  995242 1029743 1133018]
168,[1082185 6534178  995242 1029743 1133018]
169,[1082185 6534178  995242 1029743 1133018]
171,[1082185 6534178  995242 1029743 1133018]
172,[1082185 6534178  995242 1029743 1133018]
174,[1082185 6534178  995242 1029743 1133018]
178,[1082185 6534178  995242 1029743 1133018]
183,[1082185 6534178  995242 1029743 1133018]
184,[1082185 6534178  995242 1029743 1133018]
185,[1082185 6534178  995242 1029743 1133018]
187,[1082185 6534178  995242 1029743 1133018]
188,[1082185 6534178  995242 1029743 1133018]
190,[1082185 6534178  995242 1029743 1133018]
191,[1082185 6534178  995242 1029743 1133018]
192,[1082185 6534178  995242 1029743 1133018]
193,[1082185 6534178  995242 1029743 1133018]
194,[1082185 6534178  995242 1029743 1133018]
195,[1082185 6534178  995242 1029743 1133018]
196,[1082185 6534178  995242 1029743 1133018]
197,[1082185 6534178  995242 1029743 1133018]
198,[1082185 6534178  995242 1029743 1133018]
199,[1082185 6534178  995242 1029743 1133018]
200,[1082185 6534178  995242 1029743 1133018]
201,[1082185 6534178  995242 1029743 1133018]
202,[1082185 6534178  995242 1029743 1133018]
203,[1082185 6534178  995242 1029743 1133018]
204,[1082185 6534178  995242 1029743 1133018]
205,[1082185 6534178  995242 1029743 1133018]
208,[1082185 6534178  995242 1029743 1133018]
209,[1082185 6534178  995242 1029743 1133018]
210,[1082185 6534178  995242 1029743 1133018]
211,[1082185 6534178  995242 1029743 1133018]
212,[1082185 6534178  995242 1029743 1133018]
213,[1082185 6534178  995242 1029743 1133018]
214,[1082185 6534178  995242 1029743 1133018]
215,[1082185 6534178  995242 1029743 1133018]
216,[1082185 6534178  995242 1029743 1133018]
217,[1082185 6534178  995242 1029743 1133018]
218,[1082185 6534178  995242 1029743 1133018]
219,[1082185 6534178  995242 1029743 1133018]
220,[1082185 6534178  995242 1029743 1133018]
221,[1082185 6534178  995242 1029743 1133018]
222,[1082185 6534178  995242 1029743 1133018]
224,[1082185 6534178  995242 1029743 1133018]
225,[1082185 6534178  995242 1029743 1133018]
226,[1082185 6534178  995242 1029743 1133018]
227,[1082185 6534178  995242 1029743 1133018]
228,[1082185 6534178  995242 1029743 1133018]
230,[1082185 6534178  995242 1029743 1133018]
232,[1082185 6534178  995242 1029743 1133018]
233,[1082185 6534178  995242 1029743 1133018]
235,[1082185 6534178  995242 1029743 1133018]
236,[1082185 6534178  995242 1029743 1133018]
239,[1082185 6534178  995242 1029743 1133018]
240,[1082185 6534178  995242 1029743 1133018]
241,[1082185 6534178  995242 1029743 1133018]
242,[1082185 6534178  995242 1029743 1133018]
243,[1082185 6534178  995242 1029743 1133018]
244,[1082185 6534178  995242 1029743 1133018]
245,[1082185 6534178  995242 1029743 1133018]
246,[1082185 6534178  995242 1029743 1133018]
247,[1082185 6534178  995242 1029743 1133018]
248,[1082185 6534178  995242 1029743 1133018]
249,[1082185 6534178  995242 1029743 1133018]
250,[1082185 6534178  995242 1029743 1133018]
251,[1082185 6534178  995242 1029743 1133018]
252,[1082185 6534178  995242 1029743 1133018]
253,[1082185 6534178  995242 1029743 1133018]
254,[1082185 6534178  995242 1029743 1133018]
256,[1082185 6534178  995242 1029743 1133018]
257,[1082185 6534178  995242 1029743 1133018]
258,[1082185 6534178  995242 1029743 1133018]
259,[1082185 6534178  995242 1029743 1133018]
260,[1082185 6534178  995242 1029743 1133018]
262,[1082185 6534178  995242 1029743 1133018]
263,[1082185 6534178  995242 1029743 1133018]
264,[1082185 6534178  995242 1029743 1133018]
266,[1082185 6534178  995242 1029743 1133018]
267,[1082185 6534178  995242 1029743 1133018]
268,[1082185 6534178  995242 1029743 1133018]
269,[1082185 6534178  995242 1029743 1133018]
270,[1082185 6534178  995242 1029743 1133018]
271,[1082185 6534178  995242 1029743 1133018]
273,[1082185 6534178  995242 1029743 1133018]
274,[1082185 6534178  995242 1029743 1133018]
275,[1082185 6534178  995242 1029743 1133018]
276,[1082185 6534178  995242 1029743 1133018]
278,[1082185 6534178  995242 1029743 1133018]
280,[1082185 6534178  995242 1029743 1133018]
281,[1082185 6534178  995242 1029743 1133018]
282,[1082185 6534178  995242 1029743 1133018]
283,[1082185 6534178  995242 1029743 1133018]
284,[1082185 6534178  995242 1029743 1133018]
285,[1082185 6534178  995242 1029743 1133018]
286,[1082185 6534178  995242 1029743 1133018]
287,[1082185 6534178  995242 1029743 1133018]
288,[1082185 6534178  995242 1029743 1133018]
289,[1082185 6534178  995242 1029743 1133018]
290,[1082185 6534178  995242 1029743 1133018]
291,[1082185 6534178  995242 1029743 1133018]
292,[1082185 6534178  995242 1029743 1133018]
294,[1082185 6534178  995242 1029743 1133018]
297,[1082185 6534178  995242 1029743 1133018]
301,[1082185 6534178  995242 1029743 1133018]
302,[1082185 6534178  995242 1029743 1133018]
303,[1082185 6534178  995242 1029743 1133018]
304,[1082185 6534178  995242 1029743 1133018]
305,[1082185 6534178  995242 1029743 1133018]
306,[1082185 6534178  995242 1029743 1133018]
307,[1082185 6534178  995242 1029743 1133018]
308,[1082185 6534178  995242 1029743 1133018]
311,[1082185 6534178  995242 1029743 1133018]
312,[1082185 6534178  995242 1029743 1133018]
314,[1082185 6534178  995242 1029743 1133018]
316,[1082185 6534178  995242 1029743 1133018]
317,[1082185 6534178  995242 1029743 1133018]
318,[1082185 6534178  995242 1029743 1133018]
321,[1082185 6534178  995242 1029743 1133018]
322,[1082185 6534178  995242 1029743 1133018]
323,[1082185 6534178  995242 1029743 1133018]
324,[1082185 6534178  995242 1029743 1133018]
325,[1082185 6534178  995242 1029743 1133018]
326,[1082185 6534178  995242 1029743 1133018]
327,[1082185 6534178  995242 1029743 1133018]
328,[1082185 6534178  995242 1029743 1133018]
329,[1082185 6534178  995242 1029743 1133018]
330,[1082185 6534178  995242 1029743 1133018]
331,[1082185 6534178  995242 1029743 1133018]
332,[1082185 6534178  995242 1029743 1133018]
333,[1082185 6534178  995242 1029743 1133018]
334,[1082185 6534178  995242 1029743 1133018]
338,[1082185 6534178  995242 1029743 1133018]
339,[1082185 6534178  995242 1029743 1133018]
342,[1082185 6534178  995242 1029743 1133018]
343,[1082185 6534178  995242 1029743 1133018]
345,[1082185 6534178  995242 1029743 1133018]
346,[1082185 6534178  995242 1029743 1133018]
347,[1082185 6534178  995242 1029743 1133018]
348,[1082185 6534178  995242 1029743 1133018]
349,[1082185 6534178  995242 1029743 1133018]
350,[1082185 6534178  995242 1029743 1133018]
351,[1082185 6534178  995242 1029743 1133018]
353,[1082185 6534178  995242 1029743 1133018]
354,[1082185 6534178  995242 1029743 1133018]
356,[1082185 6534178  995242 1029743 1133018]
357,[1082185 6534178  995242 1029743 1133018]
358,[1082185 6534178  995242 1029743 1133018]
360,[1082185 6534178  995242 1029743 1133018]
361,[1082185 6534178  995242 1029743 1133018]
362,[1082185 6534178  995242 1029743 1133018]
364,[1082185 6534178  995242 1029743 1133018]
365,[1082185 6534178  995242 1029743 1133018]
366,[1082185 6534178  995242 1029743 1133018]
367,[1082185 6534178  995242 1029743 1133018]
369,[1082185 6534178  995242 1029743 1133018]
371,[1082185 6534178  995242 1029743 1133018]
373,[1082185 6534178  995242 1029743 1133018]
374,[1082185 6534178  995242 1029743 1133018]
375,[1082185 6534178  995242 1029743 1133018]
376,[1082185 6534178  995242 1029743 1133018]
377,[1082185 6534178  995242 1029743 1133018]
378,[1082185 6534178  995242 1029743 1133018]
380,[1082185 6534178  995242 1029743 1133018]
381,[1082185 6534178  995242 1029743 1133018]
382,[1082185 6534178  995242 1029743 1133018]
383,[1082185 6534178  995242 1029743 1133018]
384,[1082185 6534178  995242 1029743 1133018]
385,[1082185 6534178  995242 1029743 1133018]
386,[1082185 6534178  995242 1029743 1133018]
387,[1082185 6534178  995242 1029743 1133018]
388,[1082185 6534178  995242 1029743 1133018]
389,[1082185 6534178  995242 1029743 1133018]
390,[1082185 6534178  995242 1029743 1133018]
392,[1082185 6534178  995242 1029743 1133018]
393,[1082185 6534178  995242 1029743 1133018]
394,[1082185 6534178  995242 1029743 1133018]
395,[1082185 6534178  995242 1029743 1133018]
396,[1082185 6534178  995242 1029743 1133018]
397,[1082185 6534178  995242 1029743 1133018]
398,[1082185 6534178  995242 1029743 1133018]
400,[1082185 6534178  995242 1029743 1133018]
401,[1082185 6534178  995242 1029743 1133018]
402,[1082185 6534178  995242 1029743 1133018]
404,[1082185 6534178  995242 1029743 1133018]
405,[1082185 6534178  995242 1029743 1133018]
406,[1082185 6534178  995242 1029743 1133018]
407,[1082185 6534178  995242 1029743 1133018]
409,[1082185 6534178  995242 1029743 1133018]
410,[1082185 6534178  995242 1029743 1133018]
411,[1082185 6534178  995242 1029743 1133018]
412,[1082185 6534178  995242 1029743 1133018]
413,[1082185 6534178  995242 1029743 1133018]
414,[1082185 6534178  995242 1029743 1133018]
415,[1082185 6534178  995242 1029743 1133018]
417,[1082185 6534178  995242 1029743 1133018]
418,[1082185 6534178  995242 1029743 1133018]
420,[1082185 6534178  995242 1029743 1133018]
421,[1082185 6534178  995242 1029743 1133018]
425,[1082185 6534178  995242 1029743 1133018]
426,[1082185 6534178  995242 1029743 1133018]
427,[1082185 6534178  995242 1029743 1133018]
429,[1082185 6534178  995242 1029743 1133018]
430,[1082185 6534178  995242 1029743 1133018]
432,[1082185 6534178  995242 1029743 1133018]
433,[1082185 6534178  995242 1029743 1133018]
434,[1082185 6534178  995242 1029743 1133018]
435,[1082185 6534178  995242 1029743 1133018]
437,[1082185 6534178  995242 1029743 1133018]
438,[1082185 6534178  995242 1029743 1133018]
441,[1082185 6534178  995242 1029743 1133018]
442,[1082185 6534178  995242 1029743 1133018]
443,[1082185 6534178  995242 1029743 1133018]
447,[1082185 6534178  995242 1029743 1133018]
449,[1082185 6534178  995242 1029743 1133018]
450,[1082185 6534178  995242 1029743 1133018]
451,[1082185 6534178  995242 1029743 1133018]
454,[1082185 6534178  995242 1029743 1133018]
457,[1082185 6534178  995242 1029743 1133018]
458,[1082185 6534178  995242 1029743 1133018]
459,[1082185 6534178  995242 1029743 1133018]
460,[1082185 6534178  995242 1029743 1133018]
461,[1082185 6534178  995242 1029743 1133018]
462,[1082185 6534178  995242 1029743 1133018]
463,[1082185 6534178  995242 1029743 1133018]
464,[1082185 6534178  995242 1029743 1133018]
466,[1082185 6534178  995242 1029743 1133018]
467,[1082185 6534178  995242 1029743 1133018]
468,[1082185 6534178  995242 1029743 1133018]
469,[1082185 6534178  995242 1029743 1133018]
470,[1082185 6534178  995242 1029743 1133018]
471,[1082185 6534178  995242 1029743 1133018]
474,[1082185 6534178  995242 1029743 1133018]
477,[1082185 6534178  995242 1029743 1133018]
478,[1082185 6534178  995242 1029743 1133018]
479,[1082185 6534178  995242 1029743 1133018]
480,[1082185 6534178  995242 1029743 1133018]
482,[1082185 6534178  995242 1029743 1133018]
483,[1082185 6534178  995242 1029743 1133018]
484,[1082185 6534178  995242 1029743 1133018]
485,[1082185 6534178  995242 1029743 1133018]
487,[1082185 6534178  995242 1029743 1133018]
489,[1082185 6534178  995242 1029743 1133018]
491,[1082185 6534178  995242 1029743 1133018]
493,[1082185 6534178  995242 1029743 1133018]
495,[1082185 6534178  995242 1029743 1133018]
497,[1082185 6534178  995242 1029743 1133018]
502,[1082185 6534178  995242 1029743 1133018]
503,[1082185 6534178  995242 1029743 1133018]
505,[1082185 6534178  995242 1029743 1133018]
506,[1082185 6534178  995242 1029743 1133018]
507,[1082185 6534178  995242 1029743 1133018]
508,[1082185 6534178  995242 1029743 1133018]
510,[1082185 6534178  995242 1029743 1133018]
511,[1082185 6534178  995242 1029743 1133018]
513,[1082185 6534178  995242 1029743 1133018]
514,[1082185 6534178  995242 1029743 1133018]
515,[1082185 6534178  995242 1029743 1133018]
517,[1082185 6534178  995242 1029743 1133018]
518,[1082185 6534178  995242 1029743 1133018]
520,[1082185 6534178  995242 1029743 1133018]
521,[1082185 6534178  995242 1029743 1133018]
523,[1082185 6534178  995242 1029743 1133018]
524,[1082185 6534178  995242 1029743 1133018]
525,[1082185 6534178  995242 1029743 1133018]
526,[1082185 6534178  995242 1029743 1133018]
527,[1082185 6534178  995242 1029743 1133018]
531,[1082185 6534178  995242 1029743 1133018]
533,[1082185 6534178  995242 1029743 1133018]
534,[1082185 6534178  995242 1029743 1133018]
538,[1082185 6534178  995242 1029743 1133018]
539,[1082185 6534178  995242 1029743 1133018]
540,[1082185 6534178  995242 1029743 1133018]
542,[1082185 6534178  995242 1029743 1133018]
543,[1082185 6534178  995242 1029743 1133018]
544,[1082185 6534178  995242 1029743 1133018]
545,[1082185 6534178  995242 1029743 1133018]
547,[1082185 6534178  995242 1029743 1133018]
548,[1082185 6534178  995242 1029743 1133018]
550,[1082185 6534178  995242 1029743 1133018]
552,[1082185 6534178  995242 1029743 1133018]
553,[1082185 6534178  995242 1029743 1133018]
554,[1082185 6534178  995242 1029743 1133018]
556,[1082185 6534178  995242 1029743 1133018]
557,[1082185 6534178  995242 1029743 1133018]
558,[1082185 6534178  995242 1029743 1133018]
560,[1082185 6534178  995242 1029743 1133018]
562,[1082185 6534178  995242 1029743 1133018]
563,[1082185 6534178  995242 1029743 1133018]
564,[1082185 6534178  995242 1029743 1133018]
566,[1082185 6534178  995242 1029743 1133018]
567,[1082185 6534178  995242 1029743 1133018]
568,[1082185 6534178  995242 1029743 1133018]
569,[1082185 6534178  995242 1029743 1133018]
570,[1082185 6534178  995242 1029743 1133018]
574,[1082185 6534178  995242 1029743 1133018]
575,[1082185 6534178  995242 1029743 1133018]
576,[1082185 6534178  995242 1029743 1133018]
577,[1082185 6534178  995242 1029743 1133018]
578,[1082185 6534178  995242 1029743 1133018]
579,[1082185 6534178  995242 1029743 1133018]
580,[1082185 6534178  995242 1029743 1133018]
581,[1082185 6534178  995242 1029743 1133018]
582,[1082185 6534178  995242 1029743 1133018]
583,[1082185 6534178  995242 1029743 1133018]
586,[1082185 6534178  995242 1029743 1133018]
587,[1082185 6534178  995242 1029743 1133018]
588,[1082185 6534178  995242 1029743 1133018]
590,[1082185 6534178  995242 1029743 1133018]
591,[1082185 6534178  995242 1029743 1133018]
594,[1082185 6534178  995242 1029743 1133018]
595,[1082185 6534178  995242 1029743 1133018]
596,[1082185 6534178  995242 1029743 1133018]
598,[1082185 6534178  995242 1029743 1133018]
600,[1082185 6534178  995242 1029743 1133018]
602,[1082185 6534178  995242 1029743 1133018]
603,[1082185 6534178  995242 1029743 1133018]
604,[1082185 6534178  995242 1029743 1133018]
605,[1082185 6534178  995242 1029743 1133018]
606,[1082185 6534178  995242 1029743 1133018]
608,[1082185 6534178  995242 1029743 1133018]
609,[1082185 6534178  995242 1029743 1133018]
610,[1082185 6534178  995242 1029743 1133018]
611,[1082185 6534178  995242 1029743 1133018]
612,[1082185 6534178  995242 1029743 1133018]
613,[1082185 6534178  995242 1029743 1133018]
614,[1082185 6534178  995242 1029743 1133018]
615,[1082185 6534178  995242 1029743 1133018]
617,[1082185 6534178  995242 1029743 1133018]
621,[1082185 6534178  995242 1029743 1133018]
622,[1082185 6534178  995242 1029743 1133018]
623,[1082185 6534178  995242 1029743 1133018]
624,[1082185 6534178  995242 1029743 1133018]
630,[1082185 6534178  995242 1029743 1133018]
631,[1082185 6534178  995242 1029743 1133018]
632,[1082185 6534178  995242 1029743 1133018]
633,[1082185 6534178  995242 1029743 1133018]
636,[1082185 6534178  995242 1029743 1133018]
637,[1082185 6534178  995242 1029743 1133018]
638,[1082185 6534178  995242 1029743 1133018]
640,[1082185 6534178  995242 1029743 1133018]
641,[1082185 6534178  995242 1029743 1133018]
643,[1082185 6534178  995242 1029743 1133018]
644,[1082185 6534178  995242 1029743 1133018]
647,[1082185 6534178  995242 1029743 1133018]
648,[1082185 6534178  995242 1029743 1133018]
652,[1082185 6534178  995242 1029743 1133018]
653,[1082185 6534178  995242 1029743 1133018]
654,[1082185 6534178  995242 1029743 1133018]
655,[1082185 6534178  995242 1029743 1133018]
658,[1082185 6534178  995242 1029743 1133018]
660,[1082185 6534178  995242 1029743 1133018]
661,[1082185 6534178  995242 1029743 1133018]
662,[1082185 6534178  995242 1029743 1133018]
663,[1082185 6534178  995242 1029743 1133018]
665,[1082185 6534178  995242 1029743 1133018]
666,[1082185 6534178  995242 1029743 1133018]
667,[1082185 6534178  995242 1029743 1133018]
668,[1082185 6534178  995242 1029743 1133018]
669,[1082185 6534178  995242 1029743 1133018]
670,[1082185 6534178  995242 1029743 1133018]
671,[1082185 6534178  995242 1029743 1133018]
672,[1082185 6534178  995242 1029743 1133018]
673,[1082185 6534178  995242 1029743 1133018]
674,[1082185 6534178  995242 1029743 1133018]
675,[1082185 6534178  995242 1029743 1133018]
676,[1082185 6534178  995242 1029743 1133018]
680,[1082185 6534178  995242 1029743 1133018]
681,[1082185 6534178  995242 1029743 1133018]
684,[1082185 6534178  995242 1029743 1133018]
685,[1082185 6534178  995242 1029743 1133018]
687,[1082185 6534178  995242 1029743 1133018]
690,[1082185 6534178  995242 1029743 1133018]
691,[1082185 6534178  995242 1029743 1133018]
692,[1082185 6534178  995242 1029743 1133018]
693,[1082185 6534178  995242 1029743 1133018]
694,[1082185 6534178  995242 1029743 1133018]
695,[1082185 6534178  995242 1029743 1133018]
696,[1082185 6534178  995242 1029743 1133018]
697,[1082185 6534178  995242 1029743 1133018]
698,[1082185 6534178  995242 1029743 1133018]
699,[1082185 6534178  995242 1029743 1133018]
700,[1082185 6534178  995242 1029743 1133018]
701,[1082185 6534178  995242 1029743 1133018]
702,[1082185 6534178  995242 1029743 1133018]
703,[1082185 6534178  995242 1029743 1133018]
705,[1082185 6534178  995242 1029743 1133018]
706,[1082185 6534178  995242 1029743 1133018]
707,[1082185 6534178  995242 1029743 1133018]
708,[1082185 6534178  995242 1029743 1133018]
709,[1082185 6534178  995242 1029743 1133018]
710,[1082185 6534178  995242 1029743 1133018]
711,[1082185 6534178  995242 1029743 1133018]
712,[1082185 6534178  995242 1029743 1133018]
713,[1082185 6534178  995242 1029743 1133018]
714,[1082185 6534178  995242 1029743 1133018]
715,[1082185 6534178  995242 1029743 1133018]
716,[1082185 6534178  995242 1029743 1133018]
717,[1082185 6534178  995242 1029743 1133018]
718,[1082185 6534178  995242 1029743 1133018]
719,[1082185 6534178  995242 1029743 1133018]
720,[1082185 6534178  995242 1029743 1133018]
721,[1082185 6534178  995242 1029743 1133018]
722,[1082185 6534178  995242 1029743 1133018]
723,[1082185 6534178  995242 1029743 1133018]
725,[1082185 6534178  995242 1029743 1133018]
726,[1082185 6534178  995242 1029743 1133018]
727,[1082185 6534178  995242 1029743 1133018]
728,[1082185 6534178  995242 1029743 1133018]
730,[1082185 6534178  995242 1029743 1133018]
731,[1082185 6534178  995242 1029743 1133018]
733,[1082185 6534178  995242 1029743 1133018]
734,[1082185 6534178  995242 1029743 1133018]
735,[1082185 6534178  995242 1029743 1133018]
736,[1082185 6534178  995242 1029743 1133018]
740,[1082185 6534178  995242 1029743 1133018]
741,[1082185 6534178  995242 1029743 1133018]
742,[1082185 6534178  995242 1029743 1133018]
743,[1082185 6534178  995242 1029743 1133018]
744,[1082185 6534178  995242 1029743 1133018]
745,[1082185 6534178  995242 1029743 1133018]
747,[1082185 6534178  995242 1029743 1133018]
748,[1082185 6534178  995242 1029743 1133018]
750,[1082185 6534178  995242 1029743 1133018]
752,[1082185 6534178  995242 1029743 1133018]
753,[1082185 6534178  995242 1029743 1133018]
754,[1082185 6534178  995242 1029743 1133018]
755,[1082185 6534178  995242 1029743 1133018]
757,[1082185 6534178  995242 1029743 1133018]
759,[1082185 6534178  995242 1029743 1133018]
761,[1082185 6534178  995242 1029743 1133018]
762,[1082185 6534178  995242 1029743 1133018]
764,[1082185 6534178  995242 1029743 1133018]
766,[1082185 6534178  995242 1029743 1133018]
767,[1082185 6534178  995242 1029743 1133018]
768,[1082185 6534178  995242 1029743 1133018]
769,[1082185 6534178  995242 1029743 1133018]
770,[1082185 6534178  995242 1029743 1133018]
771,[1082185 6534178  995242 1029743 1133018]
773,[1082185 6534178  995242 1029743 1133018]
776,[1082185 6534178  995242 1029743 1133018]
777,[1082185 6534178  995242 1029743 1133018]
779,[1082185 6534178  995242 1029743 1133018]
781,[1082185 6534178  995242 1029743 1133018]
784,[1082185 6534178  995242 1029743 1133018]
786,[1082185 6534178  995242 1029743 1133018]
787,[1082185 6534178  995242 1029743 1133018]
788,[1082185 6534178  995242 1029743 1133018]
789,[1082185 6534178  995242 1029743 1133018]
790,[1082185 6534178  995242 1029743 1133018]
793,[1082185 6534178  995242 1029743 1133018]
794,[1082185 6534178  995242 1029743 1133018]
795,[1082185 6534178  995242 1029743 1133018]
796,[1082185 6534178  995242 1029743 1133018]
798,[1082185 6534178  995242 1029743 1133018]
799,[1082185 6534178  995242 1029743 1133018]
800,[1082185 6534178  995242 1029743 1133018]
801,[1082185 6534178  995242 1029743 1133018]
802,[1082185 6534178  995242 1029743 1133018]
803,[1082185 6534178  995242 1029743 1133018]
804,[1082185 6534178  995242 1029743 1133018]
805,[1082185 6534178  995242 1029743 1133018]
806,[1082185 6534178  995242 1029743 1133018]
807,[1082185 6534178  995242 1029743 1133018]
808,[1082185 6534178  995242 1029743 1133018]
810,[1082185 6534178  995242 1029743 1133018]
811,[1082185 6534178  995242 1029743 1133018]
813,[1082185 6534178  995242 1029743 1133018]
814,[1082185 6534178  995242 1029743 1133018]
816,[1082185 6534178  995242 1029743 1133018]
817,[1082185 6534178  995242 1029743 1133018]
818,[1082185 6534178  995242 1029743 1133018]
820,[1082185 6534178  995242 1029743 1133018]
822,[1082185 6534178  995242 1029743 1133018]
823,[1082185 6534178  995242 1029743 1133018]
824,[1082185 6534178  995242 1029743 1133018]
825,[1082185 6534178  995242 1029743 1133018]
826,[1082185 6534178  995242 1029743 1133018]
829,[1082185 6534178  995242 1029743 1133018]
830,[1082185 6534178  995242 1029743 1133018]
831,[1082185 6534178  995242 1029743 1133018]
836,[1082185 6534178  995242 1029743 1133018]
837,[1082185 6534178  995242 1029743 1133018]
840,[1082185 6534178  995242 1029743 1133018]
841,[1082185 6534178  995242 1029743 1133018]
842,[1082185 6534178  995242 1029743 1133018]
844,[1082185 6534178  995242 1029743 1133018]
845,[1082185 6534178  995242 1029743 1133018]
846,[1082185 6534178  995242 1029743 1133018]
847,[1082185 6534178  995242 1029743 1133018]
848,[1082185 6534178  995242 1029743 1133018]
850,[1082185 6534178  995242 1029743 1133018]
852,[1082185 6534178  995242 1029743 1133018]
853,[1082185 6534178  995242 1029743 1133018]
854,[1082185 6534178  995242 1029743 1133018]
855,[1082185 6534178  995242 1029743 1133018]
856,[1082185 6534178  995242 1029743 1133018]
857,[1082185 6534178  995242 1029743 1133018]
858,[1082185 6534178  995242 1029743 1133018]
859,[1082185 6534178  995242 1029743 1133018]
861,[1082185 6534178  995242 1029743 1133018]
862,[1082185 6534178  995242 1029743 1133018]
863,[1082185 6534178  995242 1029743 1133018]
864,[1082185 6534178  995242 1029743 1133018]
865,[1082185 6534178  995242 1029743 1133018]
866,[1082185 6534178  995242 1029743 1133018]
867,[1082185 6534178  995242 1029743 1133018]
868,[1082185 6534178  995242 1029743 1133018]
869,[1082185 6534178  995242 1029743 1133018]
871,[1082185 6534178  995242 1029743 1133018]
875,[1082185 6534178  995242 1029743 1133018]
876,[1082185 6534178  995242 1029743 1133018]
877,[1082185 6534178  995242 1029743 1133018]
878,[1082185 6534178  995242 1029743 1133018]
879,[1082185 6534178  995242 1029743 1133018]
880,[1082185 6534178  995242 1029743 1133018]
881,[1082185 6534178  995242 1029743 1133018]
882,[1082185 6534178  995242 1029743 1133018]
883,[1082185 6534178  995242 1029743 1133018]
884,[1082185 6534178  995242 1029743 1133018]
885,[1082185 6534178  995242 1029743 1133018]
886,[1082185 6534178  995242 1029743 1133018]
887,[1082185 6534178  995242 1029743 1133018]
888,[1082185 6534178  995242 1029743 1133018]
889,[1082185 6534178  995242 1029743 1133018]
891,[1082185 6534178  995242 1029743 1133018]
893,[1082185 6534178  995242 1029743 1133018]
894,[1082185 6534178  995242 1029743 1133018]
895,[1082185 6534178  995242 1029743 1133018]
897,[1082185 6534178  995242 1029743 1133018]
898,[1082185 6534178  995242 1029743 1133018]
900,[1082185 6534178  995242 1029743 1133018]
903,[1082185 6534178  995242 1029743 1133018]
904,[1082185 6534178  995242 1029743 1133018]
906,[1082185 6534178  995242 1029743 1133018]
907,[1082185 6534178  995242 1029743 1133018]
908,[1082185 6534178  995242 1029743 1133018]
909,[1082185 6534178  995242 1029743 1133018]
911,[1082185 6534178  995242 1029743 1133018]
913,[1082185 6534178  995242 1029743 1133018]
914,[1082185 6534178  995242 1029743 1133018]
915,[1082185 6534178  995242 1029743 1133018]
916,[1082185 6534178  995242 1029743 1133018]
919,[1082185 6534178  995242 1029743 1133018]
920,[1082185 6534178  995242 1029743 1133018]
922,[1082185 6534178  995242 1029743 1133018]
924,[1082185 6534178  995242 1029743 1133018]
926,[1082185 6534178  995242 1029743 1133018]
927,[1082185 6534178  995242 1029743 1133018]
928,[1082185 6534178  995242 1029743 1133018]
929,[1082185 6534178  995242 1029743 1133018]
930,[1082185 6534178  995242 1029743 1133018]
931,[1082185 6534178  995242 1029743 1133018]
934,[1082185 6534178  995242 1029743 1133018]
935,[1082185 6534178  995242 1029743 1133018]
936,[1082185 6534178  995242 1029743 1133018]
937,[1082185 6534178  995242 1029743 1133018]
939,[1082185 6534178  995242 1029743 1133018]
940,[1082185 6534178  995242 1029743 1133018]
941,[1082185 6534178  995242 1029743 1133018]
942,[1082185 6534178  995242 1029743 1133018]
943,[1082185 6534178  995242 1029743 1133018]
944,[1082185 6534178  995242 1029743 1133018]
946,[1082185 6534178  995242 1029743 1133018]
947,[1082185 6534178  995242 1029743 1133018]
949,[1082185 6534178  995242 1029743 1133018]
951,[1082185 6534178  995242 1029743 1133018]
952,[1082185 6534178  995242 1029743 1133018]
953,[1082185 6534178  995242 1029743 1133018]
954,[1082185 6534178  995242 1029743 1133018]
955,[1082185 6534178  995242 1029743 1133018]
956,[1082185 6534178  995242 1029743 1133018]
957,[1082185 6534178  995242 1029743 1133018]
960,[1082185 6534178  995242 1029743 1133018]
961,[1082185 6534178  995242 1029743 1133018]
964,[1082185 6534178  995242 1029743 1133018]
965,[1082185 6534178  995242 1029743 1133018]
967,[1082185 6534178  995242 1029743 1133018]
968,[1082185 6534178  995242 1029743 1133018]
969,[1082185 6534178  995242 1029743 1133018]
971,[1082185 6534178  995242 1029743 1133018]
972,[1082185 6534178  995242 1029743 1133018]
973,[1082185 6534178  995242 1029743 1133018]
974,[1082185 6534178  995242 1029743 1133018]
975,[1082185 6534178  995242 1029743 1133018]
976,[1082185 6534178  995242 1029743 1133018]
978,[1082185 6534178  995242 1029743 1133018]
979,[1082185 6534178  995242 1029743 1133018]
981,[1082185 6534178  995242 1029743 1133018]
982,[1082185 6534178  995242 1029743 1133018]
983,[1082185 6534178  995242 1029743 1133018]
984,[1082185 6534178  995242 1029743 1133018]
985,[1082185 6534178  995242 1029743 1133018]
986,[1082185 6534178  995242 1029743 1133018]
987,[1082185 6534178  995242 1029743 1133018]
988,[1082185 6534178  995242 1029743 1133018]
989,[1082185 6534178  995242 1029743 1133018]
991,[1082185 6534178  995242 1029743 1133018]
992,[1082185 6534178  995242 1029743 1133018]
993,[1082185 6534178  995242 1029743 1133018]
996,[1082185 6534178  995242 1029743 1133018]
997,[1082185 6534178  995242 1029743 1133018]
998,[1082185 6534178  995242 1029743 1133018]
999,[1082185 6534178  995242 1029743 1133018]
1000,[1082185 6534178  995242 1029743 1133018]
1001,[1082185 6534178  995242 1029743 1133018]
1003,[1082185 6534178  995242 1029743 1133018]
1004,[1082185 6534178  995242 1029743 1133018]
1005,[1082185 6534178  995242 1029743 1133018]
1007,[1082185 6534178  995242 1029743 1133018]
1008,[1082185 6534178  995242 1029743 1133018]
1010,[1082185 6534178  995242 1029743 1133018]
1011,[1082185 6534178  995242 1029743 1133018]
1012,[1082185 6534178  995242 1029743 1133018]
1014,[1082185 6534178  995242 1029743 1133018]
1015,[1082185 6534178  995242 1029743 1133018]
1018,[1082185 6534178  995242 1029743 1133018]
1019,[1082185 6534178  995242 1029743 1133018]
1020,[1082185 6534178  995242 1029743 1133018]
1021,[1082185 6534178  995242 1029743 1133018]
1023,[1082185 6534178  995242 1029743 1133018]
1024,[1082185 6534178  995242 1029743 1133018]
1025,[1082185 6534178  995242 1029743 1133018]
1027,[1082185 6534178  995242 1029743 1133018]
1029,[1082185 6534178  995242 1029743 1133018]
1030,[1082185 6534178  995242 1029743 1133018]
1034,[1082185 6534178  995242 1029743 1133018]
1038,[1082185 6534178  995242 1029743 1133018]
1039,[1082185 6534178  995242 1029743 1133018]
1040,[1082185 6534178  995242 1029743 1133018]
1041,[1082185 6534178  995242 1029743 1133018]
1042,[1082185 6534178  995242 1029743 1133018]
1043,[1082185 6534178  995242 1029743 1133018]
1045,[1082185 6534178  995242 1029743 1133018]
1046,[1082185 6534178  995242 1029743 1133018]
1050,[1082185 6534178  995242 1029743 1133018]
1051,[1082185 6534178  995242 1029743 1133018]
1053,[1082185 6534178  995242 1029743 1133018]
1057,[1082185 6534178  995242 1029743 1133018]
1058,[1082185 6534178  995242 1029743 1133018]
1060,[1082185 6534178  995242 1029743 1133018]
1061,[1082185 6534178  995242 1029743 1133018]
1062,[1082185 6534178  995242 1029743 1133018]
1064,[1082185 6534178  995242 1029743 1133018]
1066,[1082185 6534178  995242 1029743 1133018]
1067,[1082185 6534178  995242 1029743 1133018]
1068,[1082185 6534178  995242 1029743 1133018]
1069,[1082185 6534178  995242 1029743 1133018]
1070,[1082185 6534178  995242 1029743 1133018]
1071,[1082185 6534178  995242 1029743 1133018]
1073,[1082185 6534178  995242 1029743 1133018]
1074,[1082185 6534178  995242 1029743 1133018]
1075,[1082185 6534178  995242 1029743 1133018]
1076,[1082185 6534178  995242 1029743 1133018]
1077,[1082185 6534178  995242 1029743 1133018]
1078,[1082185 6534178  995242 1029743 1133018]
1080,[1082185 6534178  995242 1029743 1133018]
1081,[1082185 6534178  995242 1029743 1133018]
1082,[1082185 6534178  995242 1029743 1133018]
1083,[1082185 6534178  995242 1029743 1133018]
1084,[1082185 6534178  995242 1029743 1133018]
1085,[1082185 6534178  995242 1029743 1133018]
1086,[1082185 6534178  995242 1029743 1133018]
1087,[1082185 6534178  995242 1029743 1133018]
1088,[1082185 6534178  995242 1029743 1133018]
1089,[1082185 6534178  995242 1029743 1133018]
1090,[1082185 6534178  995242 1029743 1133018]
1091,[1082185 6534178  995242 1029743 1133018]
1092,[1082185 6534178  995242 1029743 1133018]
1093,[1082185 6534178  995242 1029743 1133018]
1094,[1082185 6534178  995242 1029743 1133018]
1096,[1082185 6534178  995242 1029743 1133018]
1097,[1082185 6534178  995242 1029743 1133018]
1098,[1082185 6534178  995242 1029743 1133018]
1100,[1082185 6534178  995242 1029743 1133018]
1102,[1082185 6534178  995242 1029743 1133018]
1103,[1082185 6534178  995242 1029743 1133018]
1104,[1082185 6534178  995242 1029743 1133018]
1105,[1082185 6534178  995242 1029743 1133018]
1106,[1082185 6534178  995242 1029743 1133018]
1108,[1082185 6534178  995242 1029743 1133018]
1109,[1082185 6534178  995242 1029743 1133018]
1111,[1082185 6534178  995242 1029743 1133018]
1112,[1082185 6534178  995242 1029743 1133018]
1113,[1082185 6534178  995242 1029743 1133018]
1114,[1082185 6534178  995242 1029743 1133018]
1115,[1082185 6534178  995242 1029743 1133018]
1117,[1082185 6534178  995242 1029743 1133018]
1119,[1082185 6534178  995242 1029743 1133018]
1120,[1082185 6534178  995242 1029743 1133018]
1121,[1082185 6534178  995242 1029743 1133018]
1123,[1082185 6534178  995242 1029743 1133018]
1124,[1082185 6534178  995242 1029743 1133018]
1127,[1082185 6534178  995242 1029743 1133018]
1128,[1082185 6534178  995242 1029743 1133018]
1129,[1082185 6534178  995242 1029743 1133018]
1130,[1082185 6534178  995242 1029743 1133018]
1131,[1082185 6534178  995242 1029743 1133018]
1132,[1082185 6534178  995242 1029743 1133018]
1133,[1082185 6534178  995242 1029743 1133018]
1134,[1082185 6534178  995242 1029743 1133018]
1135,[1082185 6534178  995242 1029743 1133018]
1136,[1082185 6534178  995242 1029743 1133018]
1137,[1082185 6534178  995242 1029743 1133018]
1138,[1082185 6534178  995242 1029743 1133018]
1139,[1082185 6534178  995242 1029743 1133018]
1141,[1082185 6534178  995242 1029743 1133018]
1142,[1082185 6534178  995242 1029743 1133018]
1145,[1082185 6534178  995242 1029743 1133018]
1146,[1082185 6534178  995242 1029743 1133018]
1147,[1082185 6534178  995242 1029743 1133018]
1149,[1082185 6534178  995242 1029743 1133018]
1151,[1082185 6534178  995242 1029743 1133018]
1152,[1082185 6534178  995242 1029743 1133018]
1154,[1082185 6534178  995242 1029743 1133018]
1155,[1082185 6534178  995242 1029743 1133018]
1158,[1082185 6534178  995242 1029743 1133018]
1159,[1082185 6534178  995242 1029743 1133018]
1160,[1082185 6534178  995242 1029743 1133018]
1161,[1082185 6534178  995242 1029743 1133018]
1163,[1082185 6534178  995242 1029743 1133018]
1164,[1082185 6534178  995242 1029743 1133018]
1166,[1082185 6534178  995242 1029743 1133018]
1167,[1082185 6534178  995242 1029743 1133018]
1168,[1082185 6534178  995242 1029743 1133018]
1169,[1082185 6534178  995242 1029743 1133018]
1171,[1082185 6534178  995242 1029743 1133018]
1172,[1082185 6534178  995242 1029743 1133018]
1175,[1082185 6534178  995242 1029743 1133018]
1176,[1082185 6534178  995242 1029743 1133018]
1178,[1082185 6534178  995242 1029743 1133018]
1179,[1082185 6534178  995242 1029743 1133018]
1180,[1082185 6534178  995242 1029743 1133018]
1182,[1082185 6534178  995242 1029743 1133018]
1183,[1082185 6534178  995242 1029743 1133018]
1185,[1082185 6534178  995242 1029743 1133018]
1186,[1082185 6534178  995242 1029743 1133018]
1187,[1082185 6534178  995242 1029743 1133018]
1188,[1082185 6534178  995242 1029743 1133018]
1189,[1082185 6534178  995242 1029743 1133018]
1190,[1082185 6534178  995242 1029743 1133018]
1191,[1082185 6534178  995242 1029743 1133018]
1192,[1082185 6534178  995242 1029743 1133018]
1193,[1082185 6534178  995242 1029743 1133018]
1194,[1082185 6534178  995242 1029743 1133018]
1195,[1082185 6534178  995242 1029743 1133018]
1196,[1082185 6534178  995242 1029743 1133018]
1197,[1082185 6534178  995242 1029743 1133018]
1198,[1082185 6534178  995242 1029743 1133018]
1201,[1082185 6534178  995242 1029743 1133018]
1202,[1082185 6534178  995242 1029743 1133018]
1203,[1082185 6534178  995242 1029743 1133018]
1204,[1082185 6534178  995242 1029743 1133018]
1205,[1082185 6534178  995242 1029743 1133018]
1206,[1082185 6534178  995242 1029743 1133018]
1207,[1082185 6534178  995242 1029743 1133018]
1208,[1082185 6534178  995242 1029743 1133018]
1209,[1082185 6534178  995242 1029743 1133018]
1210,[1082185 6534178  995242 1029743 1133018]
1211,[1082185 6534178  995242 1029743 1133018]
1214,[1082185 6534178  995242 1029743 1133018]
1216,[1082185 6534178  995242 1029743 1133018]
1217,[1082185 6534178  995242 1029743 1133018]
1218,[1082185 6534178  995242 1029743 1133018]
1219,[1082185 6534178  995242 1029743 1133018]
1221,[1082185 6534178  995242 1029743 1133018]
1222,[1082185 6534178  995242 1029743 1133018]
1223,[1082185 6534178  995242 1029743 1133018]
1224,[1082185 6534178  995242 1029743 1133018]
1225,[1082185 6534178  995242 1029743 1133018]
1226,[1082185 6534178  995242 1029743 1133018]
1227,[1082185 6534178  995242 1029743 1133018]
1228,[1082185 6534178  995242 1029743 1133018]
1229,[1082185 6534178  995242 1029743 1133018]
1230,[1082185 6534178  995242 1029743 1133018]
1231,[1082185 6534178  995242 1029743 1133018]
1234,[1082185 6534178  995242 1029743 1133018]
1238,[1082185 6534178  995242 1029743 1133018]
1240,[1082185 6534178  995242 1029743 1133018]
1241,[1082185 6534178  995242 1029743 1133018]
1242,[1082185 6534178  995242 1029743 1133018]
1245,[1082185 6534178  995242 1029743 1133018]
1246,[1082185 6534178  995242 1029743 1133018]
1247,[1082185 6534178  995242 1029743 1133018]
1248,[1082185 6534178  995242 1029743 1133018]
1249,[1082185 6534178  995242 1029743 1133018]
1252,[1082185 6534178  995242 1029743 1133018]
1255,[1082185 6534178  995242 1029743 1133018]
1256,[1082185 6534178  995242 1029743 1133018]
1257,[1082185 6534178  995242 1029743 1133018]
1258,[1082185 6534178  995242 1029743 1133018]
1259,[1082185 6534178  995242 1029743 1133018]
1260,[1082185 6534178  995242 1029743 1133018]
1261,[1082185 6534178  995242 1029743 1133018]
1262,[1082185 6534178  995242 1029743 1133018]
1263,[1082185 6534178  995242 1029743 1133018]
1264,[1082185 6534178  995242 1029743 1133018]
1265,[1082185 6534178  995242 1029743 1133018]
1266,[1082185 6534178  995242 1029743 1133018]
1267,[1082185 6534178  995242 1029743 1133018]
1269,[1082185 6534178  995242 1029743 1133018]
1270,[1082185 6534178  995242 1029743 1133018]
1271,[1082185 6534178  995242 1029743 1133018]
1272,[1082185 6534178  995242 1029743 1133018]
1274,[1082185 6534178  995242 1029743 1133018]
1277,[1082185 6534178  995242 1029743 1133018]
1278,[1082185 6534178  995242 1029743 1133018]
1279,[1082185 6534178  995242 1029743 1133018]
1280,[1082185 6534178  995242 1029743 1133018]
1281,[1082185 6534178  995242 1029743 1133018]
1282,[1082185 6534178  995242 1029743 1133018]
1283,[1082185 6534178  995242 1029743 1133018]
1284,[1082185 6534178  995242 1029743 1133018]
1285,[1082185 6534178  995242 1029743 1133018]
1287,[1082185 6534178  995242 1029743 1133018]
1288,[1082185 6534178  995242 1029743 1133018]
1289,[1082185 6534178  995242 1029743 1133018]
1290,[1082185 6534178  995242 1029743 1133018]
1291,[1082185 6534178  995242 1029743 1133018]
1293,[1082185 6534178  995242 1029743 1133018]
1294,[1082185 6534178  995242 1029743 1133018]
1296,[1082185 6534178  995242 1029743 1133018]
1297,[1082185 6534178  995242 1029743 1133018]
1298,[1082185 6534178  995242 1029743 1133018]
1299,[1082185 6534178  995242 1029743 1133018]
1300,[1082185 6534178  995242 1029743 1133018]
1303,[1082185 6534178  995242 1029743 1133018]
1304,[1082185 6534178  995242 1029743 1133018]
1305,[1082185 6534178  995242 1029743 1133018]
1306,[1082185 6534178  995242 1029743 1133018]
1307,[1082185 6534178  995242 1029743 1133018]
1310,[1082185 6534178  995242 1029743 1133018]
1312,[1082185 6534178  995242 1029743 1133018]
1313,[1082185 6534178  995242 1029743 1133018]
1314,[1082185 6534178  995242 1029743 1133018]
1316,[1082185 6534178  995242 1029743 1133018]
1317,[1082185 6534178  995242 1029743 1133018]
1318,[1082185 6534178  995242 1029743 1133018]
1319,[1082185 6534178  995242 1029743 1133018]
1321,[1082185 6534178  995242 1029743 1133018]
1325,[1082185 6534178  995242 1029743 1133018]
1326,[1082185 6534178  995242 1029743 1133018]
1328,[1082185 6534178  995242 1029743 1133018]
1329,[1082185 6534178  995242 1029743 1133018]
1330,[1082185 6534178  995242 1029743 1133018]
1332,[1082185 6534178  995242 1029743 1133018]
1333,[1082185 6534178  995242 1029743 1133018]
1334,[1082185 6534178  995242 1029743 1133018]
1335,[1082185 6534178  995242 1029743 1133018]
1336,[1082185 6534178  995242 1029743 1133018]
1337,[1082185 6534178  995242 1029743 1133018]
1338,[1082185 6534178  995242 1029743 1133018]
1340,[1082185 6534178  995242 1029743 1133018]
1342,[1082185 6534178  995242 1029743 1133018]
1343,[1082185 6534178  995242 1029743 1133018]
1344,[1082185 6534178  995242 1029743 1133018]
1346,[1082185 6534178  995242 1029743 1133018]
1347,[1082185 6534178  995242 1029743 1133018]
1350,[1082185 6534178  995242 1029743 1133018]
1351,[1082185 6534178  995242 1029743 1133018]
1352,[1082185 6534178  995242 1029743 1133018]
1353,[1082185 6534178  995242 1029743 1133018]
1354,[1082185 6534178  995242 1029743 1133018]
1355,[1082185 6534178  995242 1029743 1133018]
1356,[1082185 6534178  995242 1029743 1133018]
1357,[1082185 6534178  995242 1029743 1133018]
1358,[1082185 6534178  995242 1029743 1133018]
1359,[1082185 6534178  995242 1029743 1133018]
1360,[1082185 6534178  995242 1029743 1133018]
1361,[1082185 6534178  995242 1029743 1133018]
1362,[1082185 6534178  995242 1029743 1133018]
1363,[1082185 6534178  995242 1029743 1133018]
1364,[1082185 6534178  995242 1029743 1133018]
1366,[1082185 6534178  995242 1029743 1133018]
1367,[1082185 6534178  995242 1029743 1133018]
1368,[1082185 6534178  995242 1029743 1133018]
1369,[1082185 6534178  995242 1029743 1133018]
1370,[1082185 6534178  995242 1029743 1133018]
1374,[1082185 6534178  995242 1029743 1133018]
1375,[1082185 6534178  995242 1029743 1133018]
1376,[1082185 6534178  995242 1029743 1133018]
1378,[1082185 6534178  995242 1029743 1133018]
1379,[1082185 6534178  995242 1029743 1133018]
1380,[1082185 6534178  995242 1029743 1133018]
1381,[1082185 6534178  995242 1029743 1133018]
1382,[1082185 6534178  995242 1029743 1133018]
1383,[1082185 6534178  995242 1029743 1133018]
1384,[1082185 6534178  995242 1029743 1133018]
1385,[1082185 6534178  995242 1029743 1133018]
1387,[1082185 6534178  995242 1029743 1133018]
1388,[1082185 6534178  995242 1029743 1133018]
1389,[1082185 6534178  995242 1029743 1133018]
1390,[1082185 6534178  995242 1029743 1133018]
1391,[1082185 6534178  995242 1029743 1133018]
1393,[1082185 6534178  995242 1029743 1133018]
1394,[1082185 6534178  995242 1029743 1133018]
1395,[1082185 6534178  995242 1029743 1133018]
1397,[1082185 6534178  995242 1029743 1133018]
1398,[1082185 6534178  995242 1029743 1133018]
1401,[1082185 6534178  995242 1029743 1133018]
1402,[1082185 6534178  995242 1029743 1133018]
1403,[1082185 6534178  995242 1029743 1133018]
1405,[1082185 6534178  995242 1029743 1133018]
1406,[1082185 6534178  995242 1029743 1133018]
1408,[1082185 6534178  995242 1029743 1133018]
1409,[1082185 6534178  995242 1029743 1133018]
1410,[1082185 6534178  995242 1029743 1133018]
1412,[1082185 6534178  995242 1029743 1133018]
1413,[1082185 6534178  995242 1029743 1133018]
1414,[1082185 6534178  995242 1029743 1133018]
1417,[1082185 6534178  995242 1029743 1133018]
1418,[1082185 6534178  995242 1029743 1133018]
1419,[1082185 6534178  995242 1029743 1133018]
1421,[1082185 6534178  995242 1029743 1133018]
1423,[1082185 6534178  995242 1029743 1133018]
1425,[1082185 6534178  995242 1029743 1133018]
1426,[1082185 6534178  995242 1029743 1133018]
1427,[1082185 6534178  995242 1029743 1133018]
1428,[1082185 6534178  995242 1029743 1133018]
1429,[1082185 6534178  995242 1029743 1133018]
1430,[1082185 6534178  995242 1029743 1133018]
1431,[1082185 6534178  995242 1029743 1133018]
1434,[1082185 6534178  995242 1029743 1133018]
1437,[1082185 6534178  995242 1029743 1133018]
1440,[1082185 6534178  995242 1029743 1133018]
1443,[1082185 6534178  995242 1029743 1133018]
1445,[1082185 6534178  995242 1029743 1133018]
1447,[1082185 6534178  995242 1029743 1133018]
1450,[1082185 6534178  995242 1029743 1133018]
1451,[1082185 6534178  995242 1029743 1133018]
1452,[1082185 6534178  995242 1029743 1133018]
1453,[1082185 6534178  995242 1029743 1133018]
1454,[1082185 6534178  995242 1029743 1133018]
1457,[1082185 6534178  995242 1029743 1133018]
1458,[1082185 6534178  995242 1029743 1133018]
1459,[1082185 6534178  995242 1029743 1133018]
1461,[1082185 6534178  995242 1029743 1133018]
1462,[1082185 6534178  995242 1029743 1133018]
1463,[1082185 6534178  995242 1029743 1133018]
1464,[1082185 6534178  995242 1029743 1133018]
1465,[1082185 6534178  995242 1029743 1133018]
1466,[1082185 6534178  995242 1029743 1133018]
1467,[1082185 6534178  995242 1029743 1133018]
1470,[1082185 6534178  995242 1029743 1133018]
1471,[1082185 6534178  995242 1029743 1133018]
1473,[1082185 6534178  995242 1029743 1133018]
1474,[1082185 6534178  995242 1029743 1133018]
1475,[1082185 6534178  995242 1029743 1133018]
1476,[1082185 6534178  995242 1029743 1133018]
1479,[1082185 6534178  995242 1029743 1133018]
1480,[1082185 6534178  995242 1029743 1133018]
1481,[1082185 6534178  995242 1029743 1133018]
1483,[1082185 6534178  995242 1029743 1133018]
1484,[1082185 6534178  995242 1029743 1133018]
1485,[1082185 6534178  995242 1029743 1133018]
1487,[1082185 6534178  995242 1029743 1133018]
1488,[1082185 6534178  995242 1029743 1133018]
1489,[1082185 6534178  995242 1029743 1133018]
1490,[1082185 6534178  995242 1029743 1133018]
1491,[1082185 6534178  995242 1029743 1133018]
1492,[1082185 6534178  995242 1029743 1133018]
1493,[1082185 6534178  995242 1029743 1133018]
1494,[1082185 6534178  995242 1029743 1133018]
1495,[1082185 6534178  995242 1029743 1133018]
1499,[1082185 6534178  995242 1029743 1133018]
1500,[1082185 6534178  995242 1029743 1133018]
1501,[1082185 6534178  995242 1029743 1133018]
1502,[1082185 6534178  995242 1029743 1133018]
1506,[1082185 6534178  995242 1029743 1133018]
1507,[1082185 6534178  995242 1029743 1133018]
1508,[1082185 6534178  995242 1029743 1133018]
1509,[1082185 6534178  995242 1029743 1133018]
1510,[1082185 6534178  995242 1029743 1133018]
1511,[1082185 6534178  995242 1029743 1133018]
1512,[1082185 6534178  995242 1029743 1133018]
1513,[1082185 6534178  995242 1029743 1133018]
1514,[1082185 6534178  995242 1029743 1133018]
1515,[1082185 6534178  995242 1029743 1133018]
1517,[1082185 6534178  995242 1029743 1133018]
1518,[1082185 6534178  995242 1029743 1133018]
1519,[1082185 6534178  995242 1029743 1133018]
1520,[1082185 6534178  995242 1029743 1133018]
1521,[1082185 6534178  995242 1029743 1133018]
1523,[1082185 6534178  995242 1029743 1133018]
1524,[1082185 6534178  995242 1029743 1133018]
1525,[1082185 6534178  995242 1029743 1133018]
1526,[1082185 6534178  995242 1029743 1133018]
1527,[1082185 6534178  995242 1029743 1133018]
1528,[1082185 6534178  995242 1029743 1133018]
1529,[1082185 6534178  995242 1029743 1133018]
1530,[1082185 6534178  995242 1029743 1133018]
1531,[1082185 6534178  995242 1029743 1133018]
1532,[1082185 6534178  995242 1029743 1133018]
1533,[1082185 6534178  995242 1029743 1133018]
1534,[1082185 6534178  995242 1029743 1133018]
1535,[1082185 6534178  995242 1029743 1133018]
1536,[1082185 6534178  995242 1029743 1133018]
1537,[1082185 6534178  995242 1029743 1133018]
1539,[1082185 6534178  995242 1029743 1133018]
1540,[1082185 6534178  995242 1029743 1133018]
1541,[1082185 6534178  995242 1029743 1133018]
1542,[1082185 6534178  995242 1029743 1133018]
1543,[1082185 6534178  995242 1029743 1133018]
1545,[1082185 6534178  995242 1029743 1133018]
1546,[1082185 6534178  995242 1029743 1133018]
1547,[1082185 6534178  995242 1029743 1133018]
1548,[1082185 6534178  995242 1029743 1133018]
1549,[1082185 6534178  995242 1029743 1133018]
1550,[1082185 6534178  995242 1029743 1133018]
1552,[1082185 6534178  995242 1029743 1133018]
1553,[1082185 6534178  995242 1029743 1133018]
1555,[1082185 6534178  995242 1029743 1133018]
1556,[1082185 6534178  995242 1029743 1133018]
1557,[1082185 6534178  995242 1029743 1133018]
1558,[1082185 6534178  995242 1029743 1133018]
1559,[1082185 6534178  995242 1029743 1133018]
1560,[1082185 6534178  995242 1029743 1133018]
1563,[1082185 6534178  995242 1029743 1133018]
1564,[1082185 6534178  995242 1029743 1133018]
1566,[1082185 6534178  995242 1029743 1133018]
1567,[1082185 6534178  995242 1029743 1133018]
1568,[1082185 6534178  995242 1029743 1133018]
1569,[1082185 6534178  995242 1029743 1133018]
1570,[1082185 6534178  995242 1029743 1133018]
1571,[1082185 6534178  995242 1029743 1133018]
1572,[1082185 6534178  995242 1029743 1133018]
1575,[1082185 6534178  995242 1029743 1133018]
1576,[1082185 6534178  995242 1029743 1133018]
1577,[1082185 6534178  995242 1029743 1133018]
1578,[1082185 6534178  995242 1029743 1133018]
1579,[1082185 6534178  995242 1029743 1133018]
1580,[1082185 6534178  995242 1029743 1133018]
1581,[1082185 6534178  995242 1029743 1133018]
1584,[1082185 6534178  995242 1029743 1133018]
1585,[1082185 6534178  995242 1029743 1133018]
1587,[1082185 6534178  995242 1029743 1133018]
1588,[1082185 6534178  995242 1029743 1133018]
1590,[1082185 6534178  995242 1029743 1133018]
1591,[1082185 6534178  995242 1029743 1133018]
1592,[1082185 6534178  995242 1029743 1133018]
1593,[1082185 6534178  995242 1029743 1133018]
1594,[1082185 6534178  995242 1029743 1133018]
1595,[1082185 6534178  995242 1029743 1133018]
1596,[1082185 6534178  995242 1029743 1133018]
1598,[1082185 6534178  995242 1029743 1133018]
1599,[1082185 6534178  995242 1029743 1133018]
1600,[1082185 6534178  995242 1029743 1133018]
1602,[1082185 6534178  995242 1029743 1133018]
1604,[1082185 6534178  995242 1029743 1133018]
1607,[1082185 6534178  995242 1029743 1133018]
1608,[1082185 6534178  995242 1029743 1133018]
1609,[1082185 6534178  995242 1029743 1133018]
1611,[1082185 6534178  995242 1029743 1133018]
1612,[1082185 6534178  995242 1029743 1133018]
1614,[1082185 6534178  995242 1029743 1133018]
1618,[1082185 6534178  995242 1029743 1133018]
1619,[1082185 6534178  995242 1029743 1133018]
1620,[1082185 6534178  995242 1029743 1133018]
1621,[1082185 6534178  995242 1029743 1133018]
1622,[1082185 6534178  995242 1029743 1133018]
1623,[1082185 6534178  995242 1029743 1133018]
1624,[1082185 6534178  995242 1029743 1133018]
1627,[1082185 6534178  995242 1029743 1133018]
1628,[1082185 6534178  995242 1029743 1133018]
1630,[1082185 6534178  995242 1029743 1133018]
1631,[1082185 6534178  995242 1029743 1133018]
1632,[1082185 6534178  995242 1029743 1133018]
1633,[1082185 6534178  995242 1029743 1133018]
1634,[1082185 6534178  995242 1029743 1133018]
1636,[1082185 6534178  995242 1029743 1133018]
1637,[1082185 6534178  995242 1029743 1133018]
1638,[1082185 6534178  995242 1029743 1133018]
1640,[1082185 6534178  995242 1029743 1133018]
1641,[1082185 6534178  995242 1029743 1133018]
1642,[1082185 6534178  995242 1029743 1133018]
1643,[1082185 6534178  995242 1029743 1133018]
1644,[1082185 6534178  995242 1029743 1133018]
1645,[1082185 6534178  995242 1029743 1133018]
1646,[1082185 6534178  995242 1029743 1133018]
1648,[1082185 6534178  995242 1029743 1133018]
1649,[1082185 6534178  995242 1029743 1133018]
1650,[1082185 6534178  995242 1029743 1133018]
1652,[1082185 6534178  995242 1029743 1133018]
1653,[1082185 6534178  995242 1029743 1133018]
1654,[1082185 6534178  995242 1029743 1133018]
1657,[1082185 6534178  995242 1029743 1133018]
1658,[1082185 6534178  995242 1029743 1133018]
1659,[1082185 6534178  995242 1029743 1133018]
1660,[1082185 6534178  995242 1029743 1133018]
1662,[1082185 6534178  995242 1029743 1133018]
1663,[1082185 6534178  995242 1029743 1133018]
1664,[1082185 6534178  995242 1029743 1133018]
1665,[1082185 6534178  995242 1029743 1133018]
1666,[1082185 6534178  995242 1029743 1133018]
1669,[1082185 6534178  995242 1029743 1133018]
1672,[1082185 6534178  995242 1029743 1133018]
1673,[1082185 6534178  995242 1029743 1133018]
1676,[1082185 6534178  995242 1029743 1133018]
1677,[1082185 6534178  995242 1029743 1133018]
1680,[1082185 6534178  995242 1029743 1133018]
1683,[1082185 6534178  995242 1029743 1133018]
1684,[1082185 6534178  995242 1029743 1133018]
1685,[1082185 6534178  995242 1029743 1133018]
1686,[1082185 6534178  995242 1029743 1133018]
1687,[1082185 6534178  995242 1029743 1133018]
1688,[1082185 6534178  995242 1029743 1133018]
1689,[1082185 6534178  995242 1029743 1133018]
1690,[1082185 6534178  995242 1029743 1133018]
1692,[1082185 6534178  995242 1029743 1133018]
1693,[1082185 6534178  995242 1029743 1133018]
1694,[1082185 6534178  995242 1029743 1133018]
1695,[1082185 6534178  995242 1029743 1133018]
1696,[1082185 6534178  995242 1029743 1133018]
1697,[1082185 6534178  995242 1029743 1133018]
1698,[1082185 6534178  995242 1029743 1133018]
1699,[1082185 6534178  995242 1029743 1133018]
1700,[1082185 6534178  995242 1029743 1133018]
1701,[1082185 6534178  995242 1029743 1133018]
1703,[1082185 6534178  995242 1029743 1133018]
1704,[1082185 6534178  995242 1029743 1133018]
1705,[1082185 6534178  995242 1029743 1133018]
1706,[1082185 6534178  995242 1029743 1133018]
1707,[1082185 6534178  995242 1029743 1133018]
1708,[1082185 6534178  995242 1029743 1133018]
1709,[1082185 6534178  995242 1029743 1133018]
1710,[1082185 6534178  995242 1029743 1133018]
1712,[1082185 6534178  995242 1029743 1133018]
1716,[1082185 6534178  995242 1029743 1133018]
1717,[1082185 6534178  995242 1029743 1133018]
1718,[1082185 6534178  995242 1029743 1133018]
1719,[1082185 6534178  995242 1029743 1133018]
1720,[1082185 6534178  995242 1029743 1133018]
1722,[1082185 6534178  995242 1029743 1133018]
1723,[1082185 6534178  995242 1029743 1133018]
1724,[1082185 6534178  995242 1029743 1133018]
1726,[1082185 6534178  995242 1029743 1133018]
1728,[1082185 6534178  995242 1029743 1133018]
1729,[1082185 6534178  995242 1029743 1133018]
1730,[1082185 6534178  995242 1029743 1133018]
1731,[1082185 6534178  995242 1029743 1133018]
1732,[1082185 6534178  995242 1029743 1133018]
1733,[1082185 6534178  995242 1029743 1133018]
1734,[1082185 6534178  995242 1029743 1133018]
1735,[1082185 6534178  995242 1029743 1133018]
1737,[1082185 6534178  995242 1029743 1133018]
1738,[1082185 6534178  995242 1029743 1133018]
1739,[1082185 6534178  995242 1029743 1133018]
1740,[1082185 6534178  995242 1029743 1133018]
1742,[1082185 6534178  995242 1029743 1133018]
1743,[1082185 6534178  995242 1029743 1133018]
1745,[1082185 6534178  995242 1029743 1133018]
1747,[1082185 6534178  995242 1029743 1133018]
1748,[1082185 6534178  995242 1029743 1133018]
1749,[1082185 6534178  995242 1029743 1133018]
1750,[1082185 6534178  995242 1029743 1133018]
1751,[1082185 6534178  995242 1029743 1133018]
1752,[1082185 6534178  995242 1029743 1133018]
1753,[1082185 6534178  995242 1029743 1133018]
1754,[1082185 6534178  995242 1029743 1133018]
1755,[1082185 6534178  995242 1029743 1133018]
1756,[1082185 6534178  995242 1029743 1133018]
1758,[1082185 6534178  995242 1029743 1133018]
1759,[1082185 6534178  995242 1029743 1133018]
1760,[1082185 6534178  995242 1029743 1133018]
1761,[1082185 6534178  995242 1029743 1133018]
1762,[1082185 6534178  995242 1029743 1133018]
1763,[1082185 6534178  995242 1029743 1133018]
1764,[1082185 6534178  995242 1029743 1133018]
1765,[1082185 6534178  995242 1029743 1133018]
1766,[1082185 6534178  995242 1029743 1133018]
1767,[1082185 6534178  995242 1029743 1133018]
1768,[1082185 6534178  995242 1029743 1133018]
1769,[1082185 6534178  995242 1029743 1133018]
1770,[1082185 6534178  995242 1029743 1133018]
1773,[1082185 6534178  995242 1029743 1133018]
1774,[1082185 6534178  995242 1029743 1133018]
1775,[1082185 6534178  995242 1029743 1133018]
1776,[1082185 6534178  995242 1029743 1133018]
1778,[1082185 6534178  995242 1029743 1133018]
1779,[1082185 6534178  995242 1029743 1133018]
1780,[1082185 6534178  995242 1029743 1133018]
1781,[1082185 6534178  995242 1029743 1133018]
1783,[1082185 6534178  995242 1029743 1133018]
1784,[1082185 6534178  995242 1029743 1133018]
1785,[1082185 6534178  995242 1029743 1133018]
1787,[1082185 6534178  995242 1029743 1133018]
1788,[1082185 6534178  995242 1029743 1133018]
1789,[1082185 6534178  995242 1029743 1133018]
1790,[1082185 6534178  995242 1029743 1133018]
1791,[1082185 6534178  995242 1029743 1133018]
1792,[1082185 6534178  995242 1029743 1133018]
1793,[1082185 6534178  995242 1029743 1133018]
1794,[1082185 6534178  995242 1029743 1133018]
1795,[1082185 6534178  995242 1029743 1133018]
1796,[1082185 6534178  995242 1029743 1133018]
1797,[1082185 6534178  995242 1029743 1133018]
1798,[1082185 6534178  995242 1029743 1133018]
1800,[1082185 6534178  995242 1029743 1133018]
1801,[1082185 6534178  995242 1029743 1133018]
1802,[1082185 6534178  995242 1029743 1133018]
1803,[1082185 6534178  995242 1029743 1133018]
1804,[1082185 6534178  995242 1029743 1133018]
1805,[1082185 6534178  995242 1029743 1133018]
1806,[1082185 6534178  995242 1029743 1133018]
1807,[1082185 6534178  995242 1029743 1133018]
1808,[1082185 6534178  995242 1029743 1133018]
1809,[1082185 6534178  995242 1029743 1133018]
1810,[1082185 6534178  995242 1029743 1133018]
1811,[1082185 6534178  995242 1029743 1133018]
1812,[1082185 6534178  995242 1029743 1133018]
1814,[1082185 6534178  995242 1029743 1133018]
1815,[1082185 6534178  995242 1029743 1133018]
1816,[1082185 6534178  995242 1029743 1133018]
1817,[1082185 6534178  995242 1029743 1133018]
1818,[1082185 6534178  995242 1029743 1133018]
1821,[1082185 6534178  995242 1029743 1133018]
1822,[1082185 6534178  995242 1029743 1133018]
1823,[1082185 6534178  995242 1029743 1133018]
1824,[1082185 6534178  995242 1029743 1133018]
1826,[1082185 6534178  995242 1029743 1133018]
1829,[1082185 6534178  995242 1029743 1133018]
1831,[1082185 6534178  995242 1029743 1133018]
1832,[1082185 6534178  995242 1029743 1133018]
1833,[1082185 6534178  995242 1029743 1133018]
1835,[1082185 6534178  995242 1029743 1133018]
1836,[1082185 6534178  995242 1029743 1133018]
1837,[1082185 6534178  995242 1029743 1133018]
1838,[1082185 6534178  995242 1029743 1133018]
1839,[1082185 6534178  995242 1029743 1133018]
1841,[1082185 6534178  995242 1029743 1133018]
1843,[1082185 6534178  995242 1029743 1133018]
1844,[1082185 6534178  995242 1029743 1133018]
1845,[1082185 6534178  995242 1029743 1133018]
1846,[1082185 6534178  995242 1029743 1133018]
1847,[1082185 6534178  995242 1029743 1133018]
1848,[1082185 6534178  995242 1029743 1133018]
1849,[1082185 6534178  995242 1029743 1133018]
1850,[1082185 6534178  995242 1029743 1133018]
1853,[1082185 6534178  995242 1029743 1133018]
1854,[1082185 6534178  995242 1029743 1133018]
1856,[1082185 6534178  995242 1029743 1133018]
1857,[1082185 6534178  995242 1029743 1133018]
1858,[1082185 6534178  995242 1029743 1133018]
1861,[1082185 6534178  995242 1029743 1133018]
1862,[1082185 6534178  995242 1029743 1133018]
1864,[1082185 6534178  995242 1029743 1133018]
1865,[1082185 6534178  995242 1029743 1133018]
1867,[1082185 6534178  995242 1029743 1133018]
1868,[1082185 6534178  995242 1029743 1133018]
1869,[1082185 6534178  995242 1029743 1133018]
1871,[1082185 6534178  995242 1029743 1133018]
1872,[1082185 6534178  995242 1029743 1133018]
1873,[1082185 6534178  995242 1029743 1133018]
1876,[1082185 6534178  995242 1029743 1133018]
1877,[1082185 6534178  995242 1029743 1133018]
1879,[1082185 6534178  995242 1029743 1133018]
1880,[1082185 6534178  995242 1029743 1133018]
1881,[1082185 6534178  995242 1029743 1133018]
1882,[1082185 6534178  995242 1029743 1133018]
1883,[1082185 6534178  995242 1029743 1133018]
1884,[1082185 6534178  995242 1029743 1133018]
1885,[1082185 6534178  995242 1029743 1133018]
1886,[1082185 6534178  995242 1029743 1133018]
1887,[1082185 6534178  995242 1029743 1133018]
1889,[1082185 6534178  995242 1029743 1133018]
1890,[1082185 6534178  995242 1029743 1133018]
1891,[1082185 6534178  995242 1029743 1133018]
1892,[1082185 6534178  995242 1029743 1133018]
1895,[1082185 6534178  995242 1029743 1133018]
1896,[1082185 6534178  995242 1029743 1133018]
1898,[1082185 6534178  995242 1029743 1133018]
1899,[1082185 6534178  995242 1029743 1133018]
1900,[1082185 6534178  995242 1029743 1133018]
1901,[1082185 6534178  995242 1029743 1133018]
1903,[1082185 6534178  995242 1029743 1133018]
1904,[1082185 6534178  995242 1029743 1133018]
1906,[1082185 6534178  995242 1029743 1133018]
1907,[1082185 6534178  995242 1029743 1133018]
1909,[1082185 6534178  995242 1029743 1133018]
1911,[1082185 6534178  995242 1029743 1133018]
1912,[1082185 6534178  995242 1029743 1133018]
1914,[1082185 6534178  995242 1029743 1133018]
1916,[1082185 6534178  995242 1029743 1133018]
1917,[1082185 6534178  995242 1029743 1133018]
1918,[1082185 6534178  995242 1029743 1133018]
1919,[1082185 6534178  995242 1029743 1133018]
1920,[1082185 6534178  995242 1029743 1133018]
1922,[1082185 6534178  995242 1029743 1133018]
1923,[1082185 6534178  995242 1029743 1133018]
1924,[1082185 6534178  995242 1029743 1133018]
1925,[1082185 6534178  995242 1029743 1133018]
1926,[1082185 6534178  995242 1029743 1133018]
1927,[1082185 6534178  995242 1029743 1133018]
1928,[1082185 6534178  995242 1029743 1133018]
1929,[1082185 6534178  995242 1029743 1133018]
1930,[1082185 6534178  995242 1029743 1133018]
1931,[1082185 6534178  995242 1029743 1133018]
1932,[1082185 6534178  995242 1029743 1133018]
1935,[1082185 6534178  995242 1029743 1133018]
1936,[1082185 6534178  995242 1029743 1133018]
1937,[1082185 6534178  995242 1029743 1133018]
1939,[1082185 6534178  995242 1029743 1133018]
1940,[1082185 6534178  995242 1029743 1133018]
1941,[1082185 6534178  995242 1029743 1133018]
1942,[1082185 6534178  995242 1029743 1133018]
1943,[1082185 6534178  995242 1029743 1133018]
1944,[1082185 6534178  995242 1029743 1133018]
1946,[1082185 6534178  995242 1029743 1133018]
1947,[1082185 6534178  995242 1029743 1133018]
1948,[1082185 6534178  995242 1029743 1133018]
1949,[1082185 6534178  995242 1029743 1133018]
1950,[1082185 6534178  995242 1029743 1133018]
1951,[1082185 6534178  995242 1029743 1133018]
1952,[1082185 6534178  995242 1029743 1133018]
1953,[1082185 6534178  995242 1029743 1133018]
1954,[1082185 6534178  995242 1029743 1133018]
1955,[1082185 6534178  995242 1029743 1133018]
1956,[1082185 6534178  995242 1029743 1133018]
1957,[1082185 6534178  995242 1029743 1133018]
1960,[1082185 6534178  995242 1029743 1133018]
1961,[1082185 6534178  995242 1029743 1133018]
1962,[1082185 6534178  995242 1029743 1133018]
1963,[1082185 6534178  995242 1029743 1133018]
1964,[1082185 6534178  995242 1029743 1133018]
1965,[1082185 6534178  995242 1029743 1133018]
1966,[1082185 6534178  995242 1029743 1133018]
1967,[1082185 6534178  995242 1029743 1133018]
1968,[1082185 6534178  995242 1029743 1133018]
1969,[1082185 6534178  995242 1029743 1133018]
1970,[1082185 6534178  995242 1029743 1133018]
1971,[1082185 6534178  995242 1029743 1133018]
1975,[1082185 6534178  995242 1029743 1133018]
1976,[1082185 6534178  995242 1029743 1133018]
1978,[1082185 6534178  995242 1029743 1133018]
1979,[1082185 6534178  995242 1029743 1133018]
1981,[1082185 6534178  995242 1029743 1133018]
1982,[1082185 6534178  995242 1029743 1133018]
1983,[1082185 6534178  995242 1029743 1133018]
1985,[1082185 6534178  995242 1029743 1133018]
1987,[1082185 6534178  995242 1029743 1133018]
1988,[1082185 6534178  995242 1029743 1133018]
1989,[1082185 6534178  995242 1029743 1133018]
1990,[1082185 6534178  995242 1029743 1133018]
1992,[1082185 6534178  995242 1029743 1133018]
1993,[1082185 6534178  995242 1029743 1133018]
1994,[1082185 6534178  995242 1029743 1133018]
1995,[1082185 6534178  995242 1029743 1133018]
1996,[1082185 6534178  995242 1029743 1133018]
1997,[1082185 6534178  995242 1029743 1133018]
1998,[1082185 6534178  995242 1029743 1133018]
1999,[1082185 6534178  995242 1029743 1133018]
2000,[1082185 6534178  995242 1029743 1133018]
2001,[1082185 6534178  995242 1029743 1133018]
2003,[1082185 6534178  995242 1029743 1133018]
2004,[1082185 6534178  995242 1029743 1133018]
2005,[1082185 6534178  995242 1029743 1133018]
2006,[1082185 6534178  995242 1029743 1133018]
2007,[1082185 6534178  995242 1029743 1133018]
2008,[1082185 6534178  995242 1029743 1133018]
2010,[1082185 6534178  995242 1029743 1133018]
2011,[1082185 6534178  995242 1029743 1133018]
2012,[1082185 6534178  995242 1029743 1133018]
2014,[1082185 6534178  995242 1029743 1133018]
2015,[1082185 6534178  995242 1029743 1133018]
2016,[1082185 6534178  995242 1029743 1133018]
2017,[1082185 6534178  995242 1029743 1133018]
2018,[1082185 6534178  995242 1029743 1133018]
2019,[1082185 6534178  995242 1029743 1133018]
2020,[1082185 6534178  995242 1029743 1133018]
2021,[1082185 6534178  995242 1029743 1133018]
2022,[1082185 6534178  995242 1029743 1133018]
2023,[1082185 6534178  995242 1029743 1133018]
2025,[1082185 6534178  995242 1029743 1133018]
2026,[1082185 6534178  995242 1029743 1133018]
2027,[1082185 6534178  995242 1029743 1133018]
2028,[1082185 6534178  995242 1029743 1133018]
2029,[1082185 6534178  995242 1029743 1133018]
2030,[1082185 6534178  995242 1029743 1133018]
2031,[1082185 6534178  995242 1029743 1133018]
2032,[1082185 6534178  995242 1029743 1133018]
2033,[1082185 6534178  995242 1029743 1133018]
2034,[1082185 6534178  995242 1029743 1133018]
2036,[1082185 6534178  995242 1029743 1133018]
2037,[1082185 6534178  995242 1029743 1133018]
2038,[1082185 6534178  995242 1029743 1133018]
2039,[1082185 6534178  995242 1029743 1133018]
2040,[1082185 6534178  995242 1029743 1133018]
2041,[1082185 6534178  995242 1029743 1133018]
2042,[1082185 6534178  995242 1029743 1133018]
2043,[1082185 6534178  995242 1029743 1133018]
2047,[1082185 6534178  995242 1029743 1133018]
2048,[1082185 6534178  995242 1029743 1133018]
2049,[1082185 6534178  995242 1029743 1133018]
2050,[1082185 6534178  995242 1029743 1133018]
2055,[1082185 6534178  995242 1029743 1133018]
2056,[1082185 6534178  995242 1029743 1133018]
2057,[1082185 6534178  995242 1029743 1133018]
2058,[1082185 6534178  995242 1029743 1133018]
2059,[1082185 6534178  995242 1029743 1133018]
2060,[1082185 6534178  995242 1029743 1133018]
2062,[1082185 6534178  995242 1029743 1133018]
2063,[1082185 6534178  995242 1029743 1133018]
2064,[1082185 6534178  995242 1029743 1133018]
2065,[1082185 6534178  995242 1029743 1133018]
2068,[1082185 6534178  995242 1029743 1133018]
2070,[1082185 6534178  995242 1029743 1133018]
2071,[1082185 6534178  995242 1029743 1133018]
2072,[1082185 6534178  995242 1029743 1133018]
2075,[1082185 6534178  995242 1029743 1133018]
2076,[1082185 6534178  995242 1029743 1133018]
2077,[1082185 6534178  995242 1029743 1133018]
2079,[1082185 6534178  995242 1029743 1133018]
2080,[1082185 6534178  995242 1029743 1133018]
2081,[1082185 6534178  995242 1029743 1133018]
2082,[1082185 6534178  995242 1029743 1133018]
2083,[1082185 6534178  995242 1029743 1133018]
2084,[1082185 6534178  995242 1029743 1133018]
2085,[1082185 6534178  995242 1029743 1133018]
2086,[1082185 6534178  995242 1029743 1133018]
2087,[1082185 6534178  995242 1029743 1133018]
2088,[1082185 6534178  995242 1029743 1133018]
2089,[1082185 6534178  995242 1029743 1133018]
2090,[1082185 6534178  995242 1029743 1133018]
2091,[1082185 6534178  995242 1029743 1133018]
2094,[1082185 6534178  995242 1029743 1133018]
2095,[1082185 6534178  995242 1029743 1133018]
2099,[1082185 6534178  995242 1029743 1133018]
2100,[1082185 6534178  995242 1029743 1133018]
2101,[1082185 6534178  995242 1029743 1133018]
2102,[1082185 6534178  995242 1029743 1133018]
2103,[1082185 6534178  995242 1029743 1133018]
2105,[1082185 6534178  995242 1029743 1133018]
2108,[1082185 6534178  995242 1029743 1133018]
2109,[1082185 6534178  995242 1029743 1133018]
2110,[1082185 6534178  995242 1029743 1133018]
2111,[1082185 6534178  995242 1029743 1133018]
2112,[1082185 6534178  995242 1029743 1133018]
2114,[1082185 6534178  995242 1029743 1133018]
2115,[1082185 6534178  995242 1029743 1133018]
2116,[1082185 6534178  995242 1029743 1133018]
2119,[1082185 6534178  995242 1029743 1133018]
2120,[1082185 6534178  995242 1029743 1133018]
2121,[1082185 6534178  995242 1029743 1133018]
2122,[1082185 6534178  995242 1029743 1133018]
2123,[1082185 6534178  995242 1029743 1133018]
2124,[1082185 6534178  995242 1029743 1133018]
2125,[1082185 6534178  995242 1029743 1133018]
2126,[1082185 6534178  995242 1029743 1133018]
2129,[1082185 6534178  995242 1029743 1133018]
2130,[1082185 6534178  995242 1029743 1133018]
2131,[1082185 6534178  995242 1029743 1133018]
2132,[1082185 6534178  995242 1029743 1133018]
2133,[1082185 6534178  995242 1029743 1133018]
2135,[1082185 6534178  995242 1029743 1133018]
2136,[1082185 6534178  995242 1029743 1133018]
2137,[1082185 6534178  995242 1029743 1133018]
2138,[1082185 6534178  995242 1029743 1133018]
2139,[1082185 6534178  995242 1029743 1133018]
2141,[1082185 6534178  995242 1029743 1133018]
2142,[1082185 6534178  995242 1029743 1133018]
2146,[1082185 6534178  995242 1029743 1133018]
2147,[1082185 6534178  995242 1029743 1133018]
2148,[1082185 6534178  995242 1029743 1133018]
2149,[1082185 6534178  995242 1029743 1133018]
2151,[1082185 6534178  995242 1029743 1133018]
2153,[1082185 6534178  995242 1029743 1133018]
2154,[1082185 6534178  995242 1029743 1133018]
2155,[1082185 6534178  995242 1029743 1133018]
2156,[1082185 6534178  995242 1029743 1133018]
2158,[1082185 6534178  995242 1029743 1133018]
2159,[1082185 6534178  995242 1029743 1133018]
2160,[1082185 6534178  995242 1029743 1133018]
2161,[1082185 6534178  995242 1029743 1133018]
2162,[1082185 6534178  995242 1029743 1133018]
2163,[1082185 6534178  995242 1029743 1133018]
2167,[1082185 6534178  995242 1029743 1133018]
2168,[1082185 6534178  995242 1029743 1133018]
2169,[1082185 6534178  995242 1029743 1133018]
2170,[1082185 6534178  995242 1029743 1133018]
2171,[1082185 6534178  995242 1029743 1133018]
2172,[1082185 6534178  995242 1029743 1133018]
2173,[1082185 6534178  995242 1029743 1133018]
2174,[1082185 6534178  995242 1029743 1133018]
2175,[1082185 6534178  995242 1029743 1133018]
2176,[1082185 6534178  995242 1029743 1133018]
2179,[1082185 6534178  995242 1029743 1133018]
2181,[1082185 6534178  995242 1029743 1133018]
2182,[1082185 6534178  995242 1029743 1133018]
2183,[1082185 6534178  995242 1029743 1133018]
2184,[1082185 6534178  995242 1029743 1133018]
2185,[1082185 6534178  995242 1029743 1133018]
2186,[1082185 6534178  995242 1029743 1133018]
2188,[1082185 6534178  995242 1029743 1133018]
2189,[1082185 6534178  995242 1029743 1133018]
2190,[1082185 6534178  995242 1029743 1133018]
2193,[1082185 6534178  995242 1029743 1133018]
2194,[1082185 6534178  995242 1029743 1133018]
2195,[1082185 6534178  995242 1029743 1133018]
2196,[1082185 6534178  995242 1029743 1133018]
2197,[1082185 6534178  995242 1029743 1133018]
2198,[1082185 6534178  995242 1029743 1133018]
2199,[1082185 6534178  995242 1029743 1133018]
2200,[1082185 6534178  995242 1029743 1133018]
2202,[1082185 6534178  995242 1029743 1133018]
2203,[1082185 6534178  995242 1029743 1133018]
2204,[1082185 6534178  995242 1029743 1133018]
2205,[1082185 6534178  995242 1029743 1133018]
2206,[1082185 6534178  995242 1029743 1133018]
2207,[1082185 6534178  995242 1029743 1133018]
2208,[1082185 6534178  995242 1029743 1133018]
2209,[1082185 6534178  995242 1029743 1133018]
2211,[1082185 6534178  995242 1029743 1133018]
2212,[1082185 6534178  995242 1029743 1133018]
2213,[1082185 6534178  995242 1029743 1133018]
2214,[1082185 6534178  995242 1029743 1133018]
2215,[1082185 6534178  995242 1029743 1133018]
2217,[1082185 6534178  995242 1029743 1133018]
2221,[1082185 6534178  995242 1029743 1133018]
2222,[1082185 6534178  995242 1029743 1133018]
2223,[1082185 6534178  995242 1029743 1133018]
2224,[1082185 6534178  995242 1029743 1133018]
2225,[1082185 6534178  995242 1029743 1133018]
2226,[1082185 6534178  995242 1029743 1133018]
2228,[1082185 6534178  995242 1029743 1133018]
2229,[1082185 6534178  995242 1029743 1133018]
2231,[1082185 6534178  995242 1029743 1133018]
2233,[1082185 6534178  995242 1029743 1133018]
2234,[1082185 6534178  995242 1029743 1133018]
2235,[1082185 6534178  995242 1029743 1133018]
2237,[1082185 6534178  995242 1029743 1133018]
2238,[1082185 6534178  995242 1029743 1133018]
2239,[1082185 6534178  995242 1029743 1133018]
2240,[1082185 6534178  995242 1029743 1133018]
2241,[1082185 6534178  995242 1029743 1133018]
2243,[1082185 6534178  995242 1029743 1133018]
2244,[1082185 6534178  995242 1029743 1133018]
2245,[1082185 6534178  995242 1029743 1133018]
2247,[1082185 6534178  995242 1029743 1133018]
2248,[1082185 6534178  995242 1029743 1133018]
2250,[1082185 6534178  995242 1029743 1133018]
2252,[1082185 6534178  995242 1029743 1133018]
2253,[1082185 6534178  995242 1029743 1133018]
2257,[1082185 6534178  995242 1029743 1133018]
2258,[1082185 6534178  995242 1029743 1133018]
2259,[1082185 6534178  995242 1029743 1133018]
2260,[1082185 6534178  995242 1029743 1133018]
2261,[1082185 6534178  995242 1029743 1133018]
2262,[1082185 6534178  995242 1029743 1133018]
2263,[1082185 6534178  995242 1029743 1133018]
2264,[1082185 6534178  995242 1029743 1133018]
2266,[1082185 6534178  995242 1029743 1133018]
2267,[1082185 6534178  995242 1029743 1133018]
2269,[1082185 6534178  995242 1029743 1133018]
2270,[1082185 6534178  995242 1029743 1133018]
2271,[1082185 6534178  995242 1029743 1133018]
2272,[1082185 6534178  995242 1029743 1133018]
2273,[1082185 6534178  995242 1029743 1133018]
2274,[1082185 6534178  995242 1029743 1133018]
2275,[1082185 6534178  995242 1029743 1133018]
2276,[1082185 6534178  995242 1029743 1133018]
2277,[1082185 6534178  995242 1029743 1133018]
2278,[1082185 6534178  995242 1029743 1133018]
2279,[1082185 6534178  995242 1029743 1133018]
2280,[1082185 6534178  995242 1029743 1133018]
2281,[1082185 6534178  995242 1029743 1133018]
2282,[1082185 6534178  995242 1029743 1133018]
2283,[1082185 6534178  995242 1029743 1133018]
2284,[1082185 6534178  995242 1029743 1133018]
2285,[1082185 6534178  995242 1029743 1133018]
2287,[1082185 6534178  995242 1029743 1133018]
2288,[1082185 6534178  995242 1029743 1133018]
2289,[1082185 6534178  995242 1029743 1133018]
2290,[1082185 6534178  995242 1029743 1133018]
2291,[1082185 6534178  995242 1029743 1133018]
2292,[1082185 6534178  995242 1029743 1133018]
2293,[1082185 6534178  995242 1029743 1133018]
2294,[1082185 6534178  995242 1029743 1133018]
2295,[1082185 6534178  995242 1029743 1133018]
2296,[1082185 6534178  995242 1029743 1133018]
2297,[1082185 6534178  995242 1029743 1133018]
2298,[1082185 6534178  995242 1029743 1133018]
2299,[1082185 6534178  995242 1029743 1133018]
2300,[1082185 6534178  995242 1029743 1133018]
2301,[1082185 6534178  995242 1029743 1133018]
2302,[1082185 6534178  995242 1029743 1133018]
2303,[1082185 6534178  995242 1029743 1133018]
2305,[1082185 6534178  995242 1029743 1133018]
2307,[1082185 6534178  995242 1029743 1133018]
2308,[1082185 6534178  995242 1029743 1133018]
2310,[1082185 6534178  995242 1029743 1133018]
2312,[1082185 6534178  995242 1029743 1133018]
2314,[1082185 6534178  995242 1029743 1133018]
2315,[1082185 6534178  995242 1029743 1133018]
2317,[1082185 6534178  995242 1029743 1133018]
2319,[1082185 6534178  995242 1029743 1133018]
2322,[1082185 6534178  995242 1029743 1133018]
2323,[1082185 6534178  995242 1029743 1133018]
2324,[1082185 6534178  995242 1029743 1133018]
2325,[1082185 6534178  995242 1029743 1133018]
2328,[1082185 6534178  995242 1029743 1133018]
2330,[1082185 6534178  995242 1029743 1133018]
2331,[1082185 6534178  995242 1029743 1133018]
2333,[1082185 6534178  995242 1029743 1133018]
2334,[1082185 6534178  995242 1029743 1133018]
2335,[1082185 6534178  995242 1029743 1133018]
2336,[1082185 6534178  995242 1029743 1133018]
2337,[1082185 6534178  995242 1029743 1133018]
2338,[1082185 6534178  995242 1029743 1133018]
2339,[1082185 6534178  995242 1029743 1133018]
2340,[1082185 6534178  995242 1029743 1133018]
2341,[1082185 6534178  995242 1029743 1133018]
2342,[1082185 6534178  995242 1029743 1133018]
2343,[1082185 6534178  995242 1029743 1133018]
2344,[1082185 6534178  995242 1029743 1133018]
2345,[1082185 6534178  995242 1029743 1133018]
2347,[1082185 6534178  995242 1029743 1133018]
2350,[1082185 6534178  995242 1029743 1133018]
2351,[1082185 6534178  995242 1029743 1133018]
2352,[1082185 6534178  995242 1029743 1133018]
2354,[1082185 6534178  995242 1029743 1133018]
2359,[1082185 6534178  995242 1029743 1133018]
2360,[1082185 6534178  995242 1029743 1133018]
2361,[1082185 6534178  995242 1029743 1133018]
2363,[1082185 6534178  995242 1029743 1133018]
2366,[1082185 6534178  995242 1029743 1133018]
2368,[1082185 6534178  995242 1029743 1133018]
2369,[1082185 6534178  995242 1029743 1133018]
2370,[1082185 6534178  995242 1029743 1133018]
2372,[1082185 6534178  995242 1029743 1133018]
2373,[1082185 6534178  995242 1029743 1133018]
2374,[1082185 6534178  995242 1029743 1133018]
2375,[1082185 6534178  995242 1029743 1133018]
2376,[1082185 6534178  995242 1029743 1133018]
2377,[1082185 6534178  995242 1029743 1133018]
2378,[1082185 6534178  995242 1029743 1133018]
2379,[1082185 6534178  995242 1029743 1133018]
2380,[1082185 6534178  995242 1029743 1133018]
2381,[1082185 6534178  995242 1029743 1133018]
2385,[1082185 6534178  995242 1029743 1133018]
2386,[1082185 6534178  995242 1029743 1133018]
2387,[1082185 6534178  995242 1029743 1133018]
2388,[1082185 6534178  995242 1029743 1133018]
2389,[1082185 6534178  995242 1029743 1133018]
2392,[1082185 6534178  995242 1029743 1133018]
2393,[1082185 6534178  995242 1029743 1133018]
2394,[1082185 6534178  995242 1029743 1133018]
2395,[1082185 6534178  995242 1029743 1133018]
2397,[1082185 6534178  995242 1029743 1133018]
2399,[1082185 6534178  995242 1029743 1133018]
2400,[1082185 6534178  995242 1029743 1133018]
2401,[1082185 6534178  995242 1029743 1133018]
2404,[1082185 6534178  995242 1029743 1133018]
2405,[1082185 6534178  995242 1029743 1133018]
2406,[1082185 6534178  995242 1029743 1133018]
2407,[1082185 6534178  995242 1029743 1133018]
2408,[1082185 6534178  995242 1029743 1133018]
2410,[1082185 6534178  995242 1029743 1133018]
2412,[1082185 6534178  995242 1029743 1133018]
2416,[1082185 6534178  995242 1029743 1133018]
2418,[1082185 6534178  995242 1029743 1133018]
2420,[1082185 6534178  995242 1029743 1133018]
2421,[1082185 6534178  995242 1029743 1133018]
2424,[1082185 6534178  995242 1029743 1133018]
2425,[1082185 6534178  995242 1029743 1133018]
2426,[1082185 6534178  995242 1029743 1133018]
2427,[1082185 6534178  995242 1029743 1133018]
2429,[1082185 6534178  995242 1029743 1133018]
2431,[1082185 6534178  995242 1029743 1133018]
2434,[1082185 6534178  995242 1029743 1133018]
2435,[1082185 6534178  995242 1029743 1133018]
2437,[1082185 6534178  995242 1029743 1133018]
2438,[1082185 6534178  995242 1029743 1133018]
2439,[1082185 6534178  995242 1029743 1133018]
2440,[1082185 6534178  995242 1029743 1133018]
2441,[1082185 6534178  995242 1029743 1133018]
2442,[1082185 6534178  995242 1029743 1133018]
2445,[1082185 6534178  995242 1029743 1133018]
2446,[1082185 6534178  995242 1029743 1133018]
2447,[1082185 6534178  995242 1029743 1133018]
2448,[1082185 6534178  995242 1029743 1133018]
2449,[1082185 6534178  995242 1029743 1133018]
2450,[1082185 6534178  995242 1029743 1133018]
2451,[1082185 6534178  995242 1029743 1133018]
2452,[1082185 6534178  995242 1029743 1133018]
2453,[1082185 6534178  995242 1029743 1133018]
2455,[1082185 6534178  995242 1029743 1133018]
2456,[1082185 6534178  995242 1029743 1133018]
2457,[1082185 6534178  995242 1029743 1133018]
2458,[1082185 6534178  995242 1029743 1133018]
2459,[1082185 6534178  995242 1029743 1133018]
2460,[1082185 6534178  995242 1029743 1133018]
2461,[1082185 6534178  995242 1029743 1133018]
2462,[1082185 6534178  995242 1029743 1133018]
2464,[1082185 6534178  995242 1029743 1133018]
2465,[1082185 6534178  995242 1029743 1133018]
2466,[1082185 6534178  995242 1029743 1133018]
2467,[1082185 6534178  995242 1029743 1133018]
2470,[1082185 6534178  995242 1029743 1133018]
2471,[1082185 6534178  995242 1029743 1133018]
2472,[1082185 6534178  995242 1029743 1133018]
2475,[1082185 6534178  995242 1029743 1133018]
2477,[1082185 6534178  995242 1029743 1133018]
2478,[1082185 6534178  995242 1029743 1133018]
2479,[1082185 6534178  995242 1029743 1133018]
2481,[1082185 6534178  995242 1029743 1133018]
2482,[1082185 6534178  995242 1029743 1133018]
2483,[1082185 6534178  995242 1029743 1133018]
2484,[1082185 6534178  995242 1029743 1133018]
2485,[1082185 6534178  995242 1029743 1133018]
2486,[1082185 6534178  995242 1029743 1133018]
2488,[1082185 6534178  995242 1029743 1133018]
2489,[1082185 6534178  995242 1029743 1133018]
2492,[1082185 6534178  995242 1029743 1133018]
2494,[1082185 6534178  995242 1029743 1133018]
2496,[1082185 6534178  995242 1029743 1133018]
2497,[1082185 6534178  995242 1029743 1133018]
2498,[1082185 6534178  995242 1029743 1133018]
2499,[1082185 6534178  995242 1029743 1133018]
2500,[1082185 6534178  995242 1029743 1133018]
